date,C5TC (182),C5TC,BCI,C16_182,C3,C5,C3-TCE,C5-TCE,C3_minus_C5,C3_div_C5,C3_TCE_minus_C5_TCE,C3_TCE_div_C5_TCE,C3_TCE_div_C5TC_182,C5_TCE_div_C5TC_182,C10_182,C14_182,C17,C17-TCE,C18_182,C2,C2-TCE,C7,C8_182,C9_182
2025-01-02,,,,-109.0,18.035,6.73,11241.0,7039.0,11.305,2.679791976225854,4202.0,1.5969597954254866,,,10145.0,13955.0,12.567,9287.0,,8.524,9021.0,9.721,14093.0,32906.0
2025-01-03,,,,265.0,18.285,7.275,11733.0,9827.0,11.01,2.51340206185567,1906.0,1.1939554289203216,,,12305.0,14510.0,12.844,10019.0,,8.621,9407.0,10.021,15100.0,34206.0
2025-01-06,,,,61.0,17.64,6.84,9992.0,7197.0,10.8,2.5789473684210527,2795.0,1.3883562595525913,,,11123.0,13500.0,12.506,8676.0,,8.471,8308.0,10.079,14979.0,33994.0
2025-01-07,,,,293.0,17.33,6.525,9379.0,5584.0,10.804999999999998,2.6559386973180072,3795.0,1.6796203438395416,,,10441.0,13085.0,12.261,8028.0,,8.329,7745.0,9.921,15164.0,33494.0
2025-01-08,,,,93.0,17.08,6.21,8864.0,3954.0,10.869999999999997,2.750402576489533,4910.0,2.2417804754678805,,,9082.0,12600.0,11.972,7244.0,,8.179,7097.0,9.65,13829.0,32794.0
2025-01-09,,,,511.0,17.345,6.11,9507.0,3545.0,11.235,2.838788870703764,5962.0,2.681805359661495,,,8650.0,13065.0,12.111,7726.0,,8.357,7916.0,10.071,15559.0,33744.0
2025-01-10,,,,1361.0,18.155,6.245,10763.0,3936.0,11.91,2.9071257005604485,6827.0,2.734502032520325,,,9395.0,14630.0,12.561,8584.0,,8.714,9224.0,11.557,21186.0,35775.0
2025-01-13,,,,2144.0,18.51,6.63,11069.0,5564.0,11.880000000000003,2.79185520361991,5505.0,1.9893961179007909,,,10564.0,15410.0,12.939,9204.0,,9.014,10106.0,11.929,22821.0,39881.0
2025-01-14,,,,2525.0,18.215,6.45,9872.0,4111.0,11.765,2.824031007751938,5761.0,2.401362198978351,,,10095.0,14715.0,12.794,8230.0,,9.164,10314.0,12.15,23386.0,40269.0
2025-01-15,,,,2788.0,18.05,6.54,9734.0,4735.0,11.510000000000002,2.7599388379204894,4999.0,2.0557550158394933,,,10323.0,14460.0,12.706,8178.0,,8.979,9534.0,12.057,22921.0,40394.0
2025-01-16,,,,1563.0,17.97,6.4,9070.0,3581.0,11.569999999999999,2.8078125,5489.0,2.532812063669366,,,9873.0,14115.0,12.7,7677.0,,8.743,8058.0,11.757,21443.0,38844.0
2025-01-17,,,,1581.0,18.005,6.405,9625.0,4027.0,11.599999999999998,2.811085089773614,5598.0,2.3901167121926994,,,9791.0,14105.0,12.811,8437.0,,8.514,7694.0,11.236,19336.0,37856.0
2025-01-20,,,,1131.0,17.885,6.21,9080.0,2762.0,11.675,2.880032206119163,6318.0,3.287472845763939,,,9186.0,13741.0,12.733,7935.0,,8.371,7265.0,11.014,18629.0,37156.0
2025-01-21,,,,1188.0,17.68,6.255,8586.0,2916.0,11.425,2.826538768984812,5670.0,2.9444444444444446,,,9223.0,13315.0,12.611,7527.0,,8.364,7217.0,10.921,18650.0,36588.0
2025-01-22,,,,1188.0,17.745,6.205,8982.0,2891.0,11.540000000000001,2.8597904915390817,6091.0,3.106883431338637,,,9105.0,13295.0,12.6,7755.0,,8.379,7280.0,10.814,17671.0,35725.0
2025-01-23,,,,6.0,17.48,5.95,8705.0,1800.0,11.530000000000001,2.93781512605042,6905.0,4.836111111111111,,,7859.0,13025.0,12.472,7654.0,,8.15,6547.0,10.121,15186.0,34503.0
2025-01-24,,,,-681.0,17.095,5.85,7934.0,1279.0,11.245,2.922222222222222,6655.0,6.2032838154808445,,,7373.0,12130.0,12.233,7012.0,,7.871,5630.0,9.879,14243.0,33444.0
2025-01-27,,,,-788.0,17.056,5.79,7827.0,947.0,11.266000000000002,2.945768566493955,6880.0,8.265047518479408,,,6910.0,12044.0,12.225,6962.0,,7.807,5321.0,9.821,13914.0,33106.0
2025-01-28,,,,-1000.0,17.15,5.705,8369.0,820.0,11.444999999999999,3.006134969325153,7549.0,10.20609756097561,,,6490.0,12372.0,12.294,7487.0,,7.779,5313.0,9.786,13731.0,32613.0
2025-01-29,,,,-1513.0,17.222,5.72,8512.0,897.0,11.502000000000002,3.0108391608391614,7615.0,9.489409141583055,,,6495.0,12567.0,12.306,7519.0,,7.621,4647.0,9.693,13271.0,31144.0
2025-01-30,,,,-2056.0,17.089,5.885,8219.0,1716.0,11.203999999999999,2.903823279524214,6503.0,4.78962703962704,,,6885.0,12367.0,12.238,7310.0,,7.436,3728.0,9.486,12329.0,30706.0
2025-01-31,,,,-1906.0,17.14,6.22,8399.0,3500.0,10.920000000000002,2.7556270096463025,4899.0,2.399714285714286,,,8073.0,12595.0,12.269,7469.0,,7.436,3976.0,9.429,12543.0,30463.0
2025-02-03,,,,-2006.0,17.04,6.27,8191.0,3747.0,10.77,2.7177033492822966,4444.0,2.1860154790499067,,,8340.0,12483.0,12.322,7599.0,,7.457,3866.0,9.271,12200.0,30338.0
2025-02-04,,,,-3344.0,16.92,6.375,8023.0,4345.0,10.545000000000002,2.6541176470588237,3678.0,1.8464902186421175,,,8905.0,12315.0,12.322,7666.0,,7.379,3767.0,8.907,11486.0,30500.0
2025-02-05,,,,-2769.0,16.895,6.705,7904.0,5974.0,10.19,2.519761372110365,1930.0,1.3230666220287914,,,10036.0,12320.0,12.289,7512.0,,7.179,2757.0,8.464,9243.0,30156.0
2025-02-06,,,,-3094.0,16.955,6.695,8399.0,6249.0,10.259999999999998,2.5324869305451827,2150.0,1.3440550488078093,,,10067.0,12395.0,12.378,8109.0,,7.029,2453.0,8.464,9100.0,30156.0
2025-02-07,,,,-2969.0,17.16,6.71,8943.0,6446.0,10.45,2.557377049180328,2497.0,1.3873720136518772,,,10307.0,12928.0,12.407,8319.0,,7.029,2602.0,8.514,8979.0,30144.0
2025-02-10,,,,-3063.0,17.165,6.445,8795.0,4952.0,10.719999999999999,2.6633048875096974,3843.0,1.7760500807754442,,,9614.0,12918.0,12.389,8119.0,,6.993,2378.0,8.45,9143.0,29938.0
2025-02-11,,,,-3238.0,17.07,6.36,8379.0,4319.0,10.71,2.6839622641509435,4060.0,1.940032414910859,,,9141.0,12820.0,12.306,7681.0,,6.979,2262.0,8.45,9107.0,29625.0
2025-02-12,,,,-3363.0,16.76,6.0,7400.0,2159.0,10.760000000000002,2.7933333333333334,5241.0,3.4275127373784158,,,7964.0,12088.0,12.117,6828.0,,6.893,1643.0,8.436,8857.0,28956.0
2025-02-13,,,,-3425.0,16.685,6.045,7667.0,2749.0,10.639999999999999,2.760132340777502,4918.0,2.7890141869770826,,,7991.0,12005.0,12.089,7154.0,,6.907,1680.0,8.35,8864.0,29325.0
2025-02-14,,,,-3706.0,16.755,6.03,7994.0,2836.0,10.724999999999998,2.778606965174129,5158.0,2.818758815232722,,,7982.0,12061.0,11.85,6702.0,,6.836,1781.0,8.3,8914.0,29744.0
2025-02-17,,,,-3825.0,16.8,6.015,8212.0,2870.0,10.785,2.7930174563591024,5342.0,2.8613240418118466,,,7950.0,12160.0,11.828,6768.0,,6.821,1780.0,8.343,8957.0,29719.0
2025-02-18,,,,-3506.0,16.955,6.05,8488.0,3024.0,10.904999999999998,2.802479338842975,5464.0,2.806878306878307,,,8232.0,12500.0,11.791,6641.0,,6.786,1656.0,8.407,9207.0,30013.0
2025-02-19,,,,-2750.0,17.25,6.385,9032.0,4705.0,10.865,2.7016444792482384,4327.0,1.9196599362380447,,,9570.0,13258.0,11.944,7008.0,,6.964,1948.0,8.586,9864.0,31044.0
2025-02-20,,,,-2375.0,17.645,6.34,9824.0,4483.0,11.305,2.783123028391167,5341.0,2.191389694401071,,,9720.0,14030.0,12.183,7650.0,,7.05,2303.0,8.671,10207.0,31388.0
2025-02-21,,,,-2075.0,18.2,6.485,10783.0,5105.0,11.715,2.8064764841942944,5678.0,2.1122428991185114,,,10355.0,15145.0,12.444,8208.0,,7.157,2545.0,8.893,10500.0,31956.0
2025-02-24,,,,-2075.0,18.31,6.65,11565.0,6439.0,11.659999999999998,2.753383458646616,5126.0,1.7960863488119274,,,10979.0,15509.0,12.467,8811.0,,7.179,3039.0,8.843,10800.0,32300.0
2025-02-25,,,,-1438.0,18.66,7.185,12425.0,9323.0,11.475000000000001,2.5970772442588728,3102.0,1.3327255175372734,,,12932.0,16365.0,12.8,9854.0,,7.386,4180.0,8.921,11171.0,32888.0
2025-02-26,,,,-1063.0,19.205,8.2,14236.0,15155.0,11.004999999999999,2.3420731707317075,-919.0,0.9393599472121412,,,17095.0,17725.0,13.35,12015.0,,7.593,5458.0,9.243,12250.0,34775.0
2025-02-27,,,,-244.0,19.83,8.695,15770.0,17946.0,11.134999999999998,2.280621046578493,-2176.0,0.878747353170623,,,19556.0,19035.0,14.389,15050.0,,7.814,6602.0,9.486,13350.0,36431.0
2025-02-28,,,,1069.0,19.875,9.855,15641.0,23697.0,10.02,2.0167427701674274,-8056.0,0.660041355445837,,,24900.0,19375.0,14.583,15355.0,,8.086,7517.0,9.714,14443.0,37763.0
2025-03-03,22004.0,16424.0,1980.0,2163.0,20.067,10.535,16110.0,27255.0,9.532,1.9047935453251068,-11145.0,0.5910842047330765,0.7321396109798218,1.238638429376477,27558.0,19951.0,14.925,16346.0,,8.279,8399.0,9.957,15179.0,38588.0
2025-03-04,21839.0,16328.0,1969.0,2132.0,19.955,10.455,16225.0,27137.0,9.499999999999998,1.908656145384983,-10912.0,0.597892176732874,0.7429369476624388,1.242593525344567,27464.0,19730.0,14.972,16794.0,,8.321,8867.0,9.786,15007.0,38213.0
2025-03-05,20968.0,15711.0,1894.0,2100.0,20.125,9.61,17284.0,23437.0,10.515,2.0941727367325704,-6153.0,0.7374663992831847,0.8243037008775277,1.117750858450973,24695.0,20085.0,14.961,17459.0,,8.336,9496.0,9.679,14807.0,38556.0
2025-03-06,22608.0,17267.0,2082.0,2506.0,20.955,10.13,19302.0,26425.0,10.824999999999998,2.0686080947680154,-7123.0,0.7304446546830653,0.8537685774946921,1.168834041047417,27077.0,21965.0,15.389,18954.0,,8.5,10381.0,9.979,15929.0,39494.0
2025-03-07,24819.0,20084.0,2422.0,3656.0,22.715,10.095,22684.0,26160.0,12.62,2.2501238236750867,-3476.0,0.867125382262997,0.9139771948910109,1.054031185785084,27741.0,25225.0,16.206,21021.0,,8.914,11918.0,11.186,20536.0,42131.0
2025-03-10,25234.0,20554.0,2478.0,4063.0,22.87,10.075,22793.0,25886.0,12.795000000000002,2.269975186104219,-3093.0,0.8805145638569111,0.9032654355235,1.025838154870413,27868.0,25720.0,16.317,21125.0,,9.143,12613.0,11.236,20929.0,43225.0
2025-03-11,25200.0,20514.0,2474.0,4156.0,22.725,10.06,22595.0,25886.0,12.665000000000001,2.2589463220675943,-3291.0,0.8728656416595844,0.8966269841269842,1.0272222222222223,27848.0,25465.0,16.254,21044.0,,9.143,12888.0,11.271,20993.0,43350.0
2025-03-12,27640.0,22884.0,2759.0,5231.0,24.05,11.095,24988.0,30988.0,12.955,2.167643082469581,-6000.0,0.8063766619336518,0.9040520984081042,1.1211287988422576,31664.0,27885.0,17.156,23212.0,,9.593,14485.0,11.736,22043.0,45006.0
2025-03-13,28934.0,23992.0,2893.0,5663.0,24.625,11.58,25918.0,33291.0,13.045,2.126511226252159,-7373.0,0.778528731488991,0.8957627704430774,1.1505840879242413,33645.0,29270.0,17.539,24026.0,,9.829,15219.0,11.893,22700.0,45819.0
2025-03-14,28240.0,23697.0,2857.0,5713.0,24.355,10.665,25621.0,28812.0,13.690000000000001,2.2836380684481954,-3191.0,0.8892475357489935,0.9072592067988668,1.020254957507082,31189.0,28710.0,17.35,23754.0,,9.757,15095.0,11.893,23286.0,47513.0
2025-03-17,27088.0,22954.0,2768.0,5519.0,24.371,10.042,25742.0,25700.0,14.328999999999999,2.426906990639315,42.0,1.0016342412451362,0.9503101004134672,0.9487595983461311,28045.0,28425.0,17.694,24751.0,,9.721,15144.0,11.886,23257.0,47900.0
2025-03-18,26537.0,22507.0,2714.0,5513.0,24.115,9.805,25097.0,24367.0,14.309999999999999,2.459459459459459,730.0,1.0299585504986253,0.9457361419904284,0.918227380638354,26814.0,28125.0,17.644,24485.0,,9.65,14374.0,11.864,23029.0,47819.0
2025-03-19,26148.0,22170.0,2673.0,5513.0,24.0,9.675,24830.0,23667.0,14.325,2.4806201550387597,1163.0,1.0491401529555922,0.949594615266942,0.9051170261587884,26155.0,27895.0,17.617,24376.0,,9.65,14583.0,11.836,22886.0,47181.0
2025-03-20,26139.0,22139.0,2670.0,5700.0,24.08,9.655,24959.0,23539.0,14.424999999999999,2.4940445365095805,1420.0,1.0603254173924126,0.9548567274953135,0.900531772447301,26077.0,27985.0,17.706,24583.0,,9.764,15011.0,11.821,22857.0,46994.0
2025-03-21,26073.0,22190.0,2676.0,5963.0,24.485,9.35,25482.0,21737.0,15.135,2.618716577540107,3745.0,1.1722868841146432,0.9773328730871016,0.833697694933456,25123.0,28755.0,18.328,25962.0,,9.907,15407.0,11.936,23479.0,46588.0
2025-03-24,26204.0,22311.0,2690.0,6200.0,25.0,9.33,26491.0,21626.0,15.67,2.679528403001072,4865.0,1.2249606954591694,1.0109525263318577,0.8252938482674401,24855.0,29330.0,19.0,27732.0,,10.014,15781.0,11.971,23800.0,46619.0
2025-03-25,25712.0,21810.0,2630.0,6681.0,24.71,9.03,25749.0,19944.0,15.680000000000001,2.736434108527132,5805.0,1.2910649819494584,1.0014390168014935,0.7756689483509646,23736.0,28640.0,18.872,27231.0,,10.014,15743.0,11.936,23764.0,46756.0
2025-03-26,24959.0,21402.0,2581.0,7319.0,24.145,8.69,24701.0,18263.0,15.455,2.778481012658228,6438.0,1.352516015988611,0.9896630473977323,0.731720020834168,22223.0,27695.0,18.517,26358.0,,10.114,16171.0,12.057,23764.0,46219.0
2025-03-27,24497.0,20957.0,2527.0,7281.0,23.68,8.635,23583.0,17810.0,15.045,2.7423277359583094,5773.0,1.3241437394722066,0.9626893088949667,0.727027799322366,21786.0,26880.0,17.639,23844.0,,10.043,15733.0,12.051,23514.0,45719.0
2025-03-28,24048.0,20503.0,2472.0,7188.0,23.08,8.655,22377.0,17896.0,14.424999999999999,2.6666666666666665,4481.0,1.2503911488600805,0.9305139720558883,0.7441783100465735,21673.0,25605.0,17.117,22443.0,,10.0,15566.0,11.979,23193.0,45469.0
2025-03-31,23958.0,20442.0,2465.0,7188.0,23.0,8.675,22367.0,18127.0,14.325,2.6512968299711814,4240.0,1.233905224251117,0.9335921195425327,0.75661574421905,21627.0,25405.0,17.1,22541.0,,10.036,15900.0,11.971,23164.0,45313.0
2025-04-01,23816.0,20234.0,2440.0,7113.0,22.79,8.745,21407.0,18013.0,14.045,2.6060606060606064,3394.0,1.1884194748237384,0.8988495129324824,0.756340275445079,21745.0,25085.0,17.017,21797.0,,10.021,15212.0,11.914,22693.0,45125.0
2025-04-02,,,,6269.0,22.45,9.235,20566.0,20376.0,13.215,2.4309691391445587,190.0,1.0093246957204554,,,23421.0,24410.0,16.9,21326.0,,9.843,14555.0,11.643,21836.0,44906.0
2025-04-03,,,,5750.0,22.175,9.35,19923.0,20879.0,12.825000000000001,2.3716577540106956,-956.0,0.9542123664926481,,,23855.0,23870.0,16.733,20789.0,,9.729,14038.0,11.193,20229.0,43694.0
2025-04-04,,,,5338.0,21.815,8.78,20488.0,19067.0,13.035000000000002,2.4846241457858773,1421.0,1.0745266691141764,,,21655.0,23126.0,16.511,21429.0,,9.657,14925.0,10.979,19486.0,42961.0
2025-04-07,,,,4281.0,20.67,7.93,19105.0,15478.0,12.740000000000002,2.606557377049181,3627.0,1.2343326011112548,,,18432.0,21360.0,15.717,20174.0,,9.121,13775.0,10.6,18421.0,41238.0
2025-04-08,,,,3925.0,19.805,7.61,17512.0,13943.0,12.195,2.602496714848883,3569.0,1.2559707380047336,,,17105.0,20155.0,15.261,19082.0,,8.964,13390.0,10.429,18029.0,40800.0
2025-04-09,,,,3081.0,18.71,7.265,15317.0,12151.0,11.445,2.575361321403992,3166.0,1.2605546868570487,,,15482.0,18310.0,14.611,17332.0,,8.421,11287.0,9.879,16157.0,39375.0
2025-04-10,,,,2988.0,18.915,7.59,16593.0,14569.0,11.325,2.492094861660079,2024.0,1.138925114970142,,,17201.0,18561.0,14.722,18464.0,,8.479,12236.0,9.836,15979.0,39250.0
2025-04-11,,,,3000.0,19.185,7.735,16533.0,14797.0,11.45,2.4802844214608917,1736.0,1.117321078597013,,,17850.0,19086.0,14.844,18216.0,,8.664,12342.0,9.771,15426.0,39044.0
2025-04-14,,,,3400.0,19.31,7.79,16454.0,14796.0,11.52,2.478818998716303,1658.0,1.1120573127872397,,,18027.0,19245.0,14.889,18021.0,,8.75,12330.0,9.836,15821.0,39325.0
2025-04-15,,,,3213.0,18.735,7.56,15326.0,13627.0,11.175,2.4781746031746033,1699.0,1.1246789462097306,,,17241.0,18300.0,14.25,16339.0,,8.614,11836.0,9.786,15536.0,39138.0
2025-04-16,,,,1900.0,18.555,7.225,14891.0,11843.0,11.33,2.568166089965398,3048.0,1.2573672211432914,,,15759.0,17430.0,13.978,15543.0,,8.129,9979.0,9.664,15221.0,38950.0
2025-04-17,,,,1844.0,18.825,7.14,15376.0,11365.0,11.684999999999999,2.6365546218487395,4011.0,1.3529256489221293,,,15327.0,17855.0,14.167,15995.0,,8.1,9777.0,9.75,15521.0,39375.0
2025-04-22,,,,1844.0,18.685,7.085,15129.0,11109.0,11.599999999999998,2.637261820748059,4020.0,1.361868755063462,,,15105.0,17840.0,14.128,15921.0,,8.064,9715.0,9.743,15721.0,39469.0
2025-04-23,,,,2300.0,19.02,7.33,15247.0,11892.0,11.69,2.5948158253751705,3355.0,1.2821224352505887,,,16068.0,18425.0,14.318,15900.0,,8.186,9678.0,9.857,16236.0,39900.0
2025-04-24,,,,2313.0,19.485,7.755,16582.0,14428.0,11.73,2.5125725338491294,2154.0,1.1492930413085667,,,17659.0,19539.0,14.6,17046.0,,8.264,10377.0,10.15,17207.0,40556.0
2025-04-25,,,,2550.0,19.755,7.815,16780.0,14444.0,11.939999999999998,2.527831094049904,2336.0,1.1617280531708667,,,17991.0,20000.0,14.761,17149.0,,8.371,10512.0,10.25,17521.0,40994.0
2025-04-28,,,,2831.0,19.845,8.07,16730.0,15552.0,11.774999999999999,2.4591078066914496,1178.0,1.0757458847736625,,,18909.0,20210.0,14.806,17049.0,,8.493,10803.0,10.779,19114.0,41288.0
2025-04-29,,,,2766.0,19.695,8.005,16730.0,15477.0,11.69,2.4603372891942534,1253.0,1.080958842152872,,,18943.0,20025.0,14.739,17157.0,,8.436,10989.0,10.714,19393.0,41244.0
2025-04-30,,,,2734.0,19.45,8.025,16622.0,15905.0,11.424999999999999,2.423676012461059,717.0,1.0450801634706068,,,19091.0,19630.0,14.594,17135.0,,8.436,11222.0,10.6,19143.0,41256.0
2025-05-01,,,,2768.0,19.375,8.061,16949.0,16501.0,11.314,2.4035479469048506,448.0,1.0271498697048664,,,19349.0,19541.0,14.529,17420.0,,8.436,11645.0,11.121,20771.0,41971.0
2025-05-02,,,,2826.0,19.345,8.005,16840.0,16171.0,11.339999999999998,2.416614615865084,669.0,1.0413703543380124,,,19146.0,19674.0,14.483,17251.0,,8.443,11508.0,11.314,21379.0,43013.0
2025-05-06,,,,2782.0,19.156,7.9,16258.0,15453.0,11.255999999999998,2.4248101265822783,805.0,1.0520934446385815,,,18646.0,19355.0,14.413,16865.0,,8.407,10728.0,11.243,21271.0,42250.0
2025-05-07,,,,2316.0,18.91,7.8,15306.0,14539.0,11.11,2.4243589743589746,767.0,1.052754659880322,,,18187.0,18843.0,14.267,16032.0,,8.221,9333.0,10.957,19943.0,40781.0
2025-05-08,,,,2156.0,18.405,7.69,14327.0,13992.0,10.715,2.3933680104031207,335.0,1.0239422527158377,,,17682.0,17823.0,13.986,15307.0,,8.043,9070.0,10.079,16786.0,39031.0
2025-05-09,,,,1906.0,18.215,7.49,13456.0,12540.0,10.725,2.431909212283044,916.0,1.0730462519936204,,,16998.0,17326.0,13.878,14545.0,,7.864,8466.0,9.957,16429.0,38813.0
2025-05-12,,,,2156.0,18.36,7.56,13862.0,13001.0,10.8,2.428571428571429,861.0,1.066225674948081,,,17293.0,17596.0,13.939,14821.0,,7.936,8729.0,10.021,16593.0,39000.0
2025-05-13,,,,2138.0,18.185,7.415,13169.0,11959.0,10.77,2.4524612272420767,1210.0,1.1011790283468517,,,16544.0,17118.0,13.844,14236.0,,7.9,8282.0,9.886,16129.0,38931.0
2025-05-14,,,,1875.0,18.155,7.3,12466.0,10813.0,10.855,2.486986301369863,1653.0,1.1528715435124388,,,15673.0,16885.0,13.828,13575.0,,7.836,7413.0,9.879,16014.0,39531.0
2025-05-15,18397.0,14691.0,1771.0,2513.0,18.665,7.47,13594.0,11786.0,11.195,2.498661311914324,1808.0,1.1534023417614119,0.7389248246996794,0.6406479317279992,16591.0,17945.0,14.1,14409.0,,8.05,8504.0,10.257,17179.0,41706.0
2025-05-16,20421.0,16736.0,2018.0,3088.0,19.405,8.195,15246.0,15661.0,11.21,2.3679072605247105,-415.0,0.9735010535725688,0.746584398413398,0.7669066157387003,19305.0,19510.0,14.5,15649.0,,8.321,9807.0,11.326,20543.0,42556.0
2025-05-19,19174.0,15656.0,1888.0,2713.0,18.67,7.705,13921.0,13263.0,10.965000000000002,2.4231018818948735,658.0,1.0496117017266078,0.7260352560759361,0.6917179513925107,17473.0,18080.0,14.022,14507.0,,8.071,8681.0,11.071,20057.0,41525.0
2025-05-20,19056.0,15454.0,1863.0,2694.0,18.27,7.885,13110.0,14168.0,10.385,2.3170577045022194,-1058.0,0.9253246753246753,0.6879722921914357,0.7434928631402183,17864.0,17530.0,13.961,14327.0,,8.02,8479.0,11.027,19864.0,40838.0
2025-05-21,19012.0,15383.0,1855.0,2825.0,18.585,8.215,13861.0,15969.0,10.370000000000001,2.262325015216068,-2108.0,0.8679942388377482,0.7290658531453819,0.8399431937723543,18927.0,17875.0,13.961,14451.0,,8.057,8706.0,10.85,19057.0,37656.0
2025-05-22,19412.0,15605.0,1882.0,2769.0,18.755,8.36,14237.0,16745.0,10.395,2.2434210526315788,-2508.0,0.8502239474469991,0.7334123222748815,0.8626107562332578,19845.0,18313.0,14.039,14695.0,,8.143,9035.0,10.851,19150.0,37356.0
2025-05-23,19771.0,15757.0,1900.0,2855.0,18.835,8.55,14574.0,17873.0,10.285,2.202923976608187,-3299.0,0.8154199071224753,0.7371402559304031,0.9040008092660968,20659.0,18668.0,14.108,15049.0,,8.107,9006.0,10.829,18971.0,37369.0
2025-05-27,19174.0,15005.0,1809.0,2680.0,19.12,8.27,15157.0,16456.0,10.850000000000001,2.311970979443773,-1299.0,0.92106222654351,0.7904975487639512,0.8582455408365495,19579.0,19098.0,14.228,15386.0,,8.057,8839.0,10.357,17093.0,37181.0
2025-05-28,19670.0,15539.0,1874.0,2719.0,19.67,8.35,16602.0,17174.0,11.320000000000002,2.3556886227544913,-572.0,0.9666938395248632,0.8440264361972547,0.8731062531774275,20173.0,19885.0,14.428,16258.0,,8.029,8970.0,10.336,17229.0,37713.0
2025-05-29,20938.0,17074.0,2059.0,3022.0,20.106,8.767,17118.0,19009.0,11.339000000000002,2.293372875556063,-1891.0,0.9005208059340313,0.8175565956633871,0.9078708568153596,21580.0,20800.0,14.719,16695.0,,8.314,9884.0,10.909,19293.0,39307.0
2025-05-30,22873.0,18885.0,2277.0,3415.0,22.0,8.945,21329.0,20324.0,13.055,2.4594745667970934,1005.0,1.0494489273765006,0.9324968303239628,0.8885585624972675,22636.0,24395.0,15.856,20152.0,,8.693,11848.0,11.587,21871.0,41150.0
2025-06-02,23032.0,19071.0,2300.0,3384.0,21.99,8.965,21725.0,20786.0,13.024999999999999,2.45287228109314,939.0,1.0451746367747523,0.9432528655783258,0.9024835012156999,22998.0,24390.0,15.9,20668.0,,8.693,11467.0,11.601,22071.0,41213.0
2025-06-03,23478.0,19350.0,2333.0,3010.0,21.884,9.265,21110.0,21971.0,12.619,2.3620075553157043,-861.0,0.960811979427427,0.8991396200698526,0.9358122497657382,24274.0,24290.0,15.845,20132.0,,8.687,11000.0,11.61,22266.0,41551.0
2025-06-04,24806.0,20576.0,2481.0,3781.0,22.3,9.76,21537.0,24162.0,12.540000000000001,2.2848360655737707,-2625.0,0.8913583312639682,0.868217366766105,0.9740385390631299,26364.0,25075.0,16.217,20736.0,,9.093,12445.0,11.914,23057.0,43031.0
2025-06-05,27885.0,23592.0,2845.0,5893.0,24.594,10.544,26352.0,28416.0,14.05,2.3325113808801214,-2064.0,0.9273648648648649,0.9450242065626681,1.0190424959655728,29865.0,29256.0,17.869,25376.0,,9.836,15708.0,12.493,25014.0,45036.0
2025-06-06,27760.0,23572.0,2842.0,6019.0,24.489,10.445,25906.0,27703.0,14.044,2.344566778362853,-1797.0,0.9351333790564199,0.9332132564841499,0.9979466858789625,29470.0,29067.0,17.775,24898.0,,9.971,16026.0,12.643,25371.0,44969.0
2025-06-09,28336.0,24961.0,3010.0,6150.0,24.133,10.091,25063.0,25771.0,14.042,2.3915370131800615,-708.0,0.9725272593224943,0.8844932241671372,0.909479107848673,28155.0,28322.0,17.75,24699.0,,10.057,16372.0,14.271,31600.0,47143.0
2025-06-10,27729.0,24519.0,2956.0,5969.0,23.41,9.74,23663.0,23999.0,13.67,2.4034907597535935,-336.0,0.9859994166423601,0.8533665115943597,0.8654837895344224,27009.0,26710.0,16.772,22139.0,,9.993,16157.0,14.536,32814.0,47438.0
2025-06-11,28783.0,25679.0,3096.0,6638.0,24.77,9.51,26155.0,22650.0,15.26,2.604626708727655,3505.0,1.1547461368653422,0.9086961053399576,0.7869228363964841,26127.0,29055.0,17.372,23537.0,,10.293,17085.0,14.993,34821.0,50575.0
2025-06-12,32590.0,29481.0,3555.0,8563.0,26.3,10.37,28894.0,26805.0,15.930000000000001,2.536162005785921,2089.0,1.0779332214139152,0.8865909788278613,0.8224915618287818,29605.0,31905.0,19.489,28864.0,,10.914,19408.0,16.443,40586.0,56750.0
2025-06-13,34113.0,30866.0,3722.0,9438.0,26.63,11.015,29389.0,29970.0,15.614999999999998,2.4176123467998183,-581.0,0.9806139472806139,0.8615190689766364,0.8785506991469528,32145.0,32440.0,19.678,29212.0,,11.25,20781.0,16.9,41429.0,58863.0
2025-06-16,,,,9531.0,26.6,10.99,28666.0,29267.0,15.610000000000001,2.4203821656050954,-601.0,0.9794649263675812,,,31895.0,32330.0,19.75,28765.0,,11.321,20425.0,17.057,41700.0,59331.0
2025-06-17,,,,9658.0,26.075,10.42,27677.0,26392.0,15.655,2.5023992322456814,1285.0,1.0486889966656563,,,29364.0,30855.0,19.456,28034.0,,11.287,20278.0,17.194,42750.0,60225.0
2025-06-18,,,,9975.0,24.53,9.52,23977.0,21227.0,15.010000000000002,2.5766806722689077,2750.0,1.129551985678617,,,25791.0,27725.0,18.683,25370.0,,11.207,19508.0,17.414,43250.0,59094.0
2025-06-19,,,,9031.0,22.85,9.315,20872.0,20366.0,13.535000000000002,2.4530327428878156,506.0,1.0248453304527154,,,23727.0,23907.0,17.574,22644.0,,10.936,18551.0,16.221,38643.0,56606.0
2025-06-20,,,,8644.0,22.395,9.24,19625.0,19682.0,13.155,2.4237012987012987,-57.0,0.99710395285032,,,22745.0,22880.0,17.311,21614.0,,10.836,17534.0,15.34,35357.0,54374.0
2025-06-23,,,,8188.0,22.47,9.175,19962.0,19512.0,13.294999999999998,2.449046321525885,450.0,1.0230627306273063,,,22330.0,22850.0,17.372,21957.0,,10.707,17303.0,15.097,34429.0,53394.0
2025-06-24,,,,8000.0,23.175,8.923,20832.0,17767.0,14.252,2.597220665695394,3065.0,1.172510834693533,,,21473.0,24120.0,17.589,22026.0,,10.721,16952.0,14.936,34143.0,53150.0
2025-06-25,,,,7513.0,22.55,8.41,21704.0,16967.0,14.14,2.681331747919144,4737.0,1.2791890139682913,,,20159.0,23770.0,17.183,22979.0,,10.314,17308.0,14.636,33214.0,52713.0
2025-06-26,,,,6000.0,21.62,6.88,19667.0,8962.0,14.740000000000002,3.1424418604651163,10705.0,2.1944878375362644,,,13841.0,22265.0,16.594,21230.0,,9.836,15204.0,13.864,30643.0,48719.0
2025-06-27,,,,5250.0,20.935,6.67,18332.0,7904.0,14.264999999999999,3.1386806596701646,10428.0,2.319331983805668,,,12714.0,21020.0,16.15,20074.0,,9.457,13644.0,13.55,29607.0,47569.0
2025-06-30,,,,4719.0,19.985,6.905,16690.0,9313.0,13.079999999999998,2.8942795076031858,7377.0,1.7921185439707936,,,13305.0,19239.0,15.783,19331.0,,9.157,12539.0,13.229,28321.0,45725.0
2025-07-01,,,,4206.0,19.415,6.945,15404.0,9381.0,12.469999999999999,2.7955363570914327,6023.0,1.6420424261805777,,,13555.0,17905.0,15.417,18209.0,,8.986,11573.0,12.883,26529.0,44413.0
2025-07-02,,,,4438.0,18.77,7.06,14000.0,9858.0,11.71,2.6586402266288953,4142.0,1.4201663623453034,,,13880.0,16841.0,15.0,16982.0,,8.936,11158.0,12.686,25536.0,44038.0
2025-07-03,,,,2281.0,18.75,7.385,13802.0,11385.0,11.365,2.5389302640487474,2417.0,1.2122968818620992,,,15518.0,16739.0,13.978,14124.0,,8.693,9825.0,12.129,23321.0,43244.0
2025-07-04,,,,1475.0,18.672,7.44,13627.0,11649.0,11.232,2.509677419354839,1978.0,1.1697999828311443,,,16065.0,16844.0,13.911,13928.0,,8.456,8679.0,11.891,22179.0,42225.0
2025-07-07,,,,1163.0,18.605,7.565,13643.0,12418.0,11.04,2.4593522802379377,1225.0,1.0986471251409244,,,16726.0,16628.0,13.889,14013.0,,8.386,8843.0,11.664,21450.0,40731.0
2025-07-08,,,,1675.0,18.445,7.515,13159.0,12016.0,10.93,2.4544244843646044,1143.0,1.0951231691078562,,,16733.0,16424.0,13.711,13380.0,,8.186,7986.0,11.314,20057.0,38981.0
2025-07-09,,,,1925.0,18.425,7.315,12931.0,10829.0,11.11,2.518796992481203,2102.0,1.1941084125958075,,,15977.0,16349.0,13.617,12950.0,,8.143,7456.0,10.871,18300.0,37578.0
2025-07-10,,,,2213.0,18.82,7.535,13792.0,12024.0,11.285,2.497677504976775,1768.0,1.147039254823686,,,16903.0,17011.0,13.814,13548.0,,8.193,7592.0,10.55,17121.0,37834.0
2025-07-11,,,,3313.0,19.985,8.22,16413.0,15806.0,11.764999999999999,2.4312652068126517,607.0,1.0384031380488423,,,19730.0,19195.0,14.672,16123.0,,8.929,10862.0,12.364,24500.0,40888.0
2025-07-14,,,,3575.0,20.4,8.138,16956.0,15146.0,12.261999999999999,2.506758417301548,1810.0,1.1195034992737356,,,20043.0,20179.0,15.044,16841.0,,9.291,11838.0,14.35,30529.0,43681.0
2025-07-15,,,,3888.0,20.995,8.42,18411.0,16830.0,12.575000000000001,2.4934679334916865,1581.0,1.093939393939394,,,21029.0,21238.0,15.356,17934.0,,9.471,12804.0,14.767,33270.0,44700.0
2025-07-16,,,,4538.0,21.455,8.795,19479.0,18887.0,12.659999999999998,2.4394542353610005,592.0,1.0313443109016784,,,22904.0,22620.0,15.619,18782.0,,9.7,12759.0,14.917,33627.0,45444.0
2025-07-17,,,,5688.0,22.714,9.745,22068.0,23836.0,12.969,2.33083632632119,-1768.0,0.9258264809531801,,,27286.0,25310.0,16.58,21421.0,,10.364,15960.0,15.471,35229.0,52706.0
2025-07-18,,,,6100.0,23.045,9.62,22594.0,23085.0,13.425000000000002,2.395530145530146,-491.0,0.9787307775611869,,,26495.0,25820.0,16.939,22248.0,,10.85,18457.0,15.4,35586.0,54275.0
2025-07-21,,,,6131.0,22.93,9.51,22387.0,22539.0,13.42,2.4111461619348056,-152.0,0.9932561338125028,,,26182.0,25535.0,16.911,22193.0,,10.857,17650.0,14.621,33743.0,53031.0
2025-07-22,,,,6938.0,23.115,9.565,22872.0,22923.0,13.549999999999999,2.4166231050705695,-51.0,0.9977751603193299,,,26379.0,25959.0,17.167,22984.0,,11.35,19601.0,15.05,34336.0,53750.0
2025-07-23,,,,7688.0,23.88,10.05,24444.0,25458.0,13.829999999999998,2.3761194029850743,-1014.0,0.9601696912561867,,,28505.0,27435.0,17.639,24291.0,,11.757,21334.0,15.786,36579.0,58225.0
2025-07-24,,,,9250.0,24.7,10.575,26056.0,28137.0,14.125,2.335697399527187,-2081.0,0.9260404449657035,,,30777.0,29304.0,18.25,25899.0,,12.164,23619.0,17.821,44757.0,61600.0
2025-07-25,,,,9638.0,24.745,10.285,26185.0,26687.0,14.46,2.4059309674282936,-502.0,0.9811893431258665,,,29436.0,29344.0,18.258,25958.0,,12.243,24032.0,18.214,46200.0,64084.0
2025-07-28,,,,9013.0,24.585,10.25,25868.0,26508.0,14.335,2.3985365853658536,-640.0,0.9758563452542629,,,29241.0,28975.0,18.119,25590.0,,12.143,23914.0,18.049,45293.0,63559.0
2025-07-29,31143.0,28830.0,3476.0,8006.0,24.005,9.952,24384.0,24690.0,14.052999999999999,2.412077974276527,-306.0,0.9876063183475091,0.7829688854638281,0.7927945284654657,27923.0,27705.0,17.789,24393.0,,11.8,22354.0,16.857,40393.0,59075.0
2025-07-30,29086.0,26422.0,3186.0,7038.0,23.415,9.775,23019.0,23613.0,13.639999999999999,2.39539641943734,-594.0,0.9748443653919451,0.7914116757202778,0.8118338719658943,27109.0,26055.0,17.328,22982.0,,11.414,20674.0,15.693,36021.0,54406.0
2025-07-31,29868.0,26858.0,3239.0,7363.0,23.805,10.295,23543.0,26061.0,13.51,2.3122875182127247,-2518.0,0.9033805302943095,0.7882349002276684,0.8725391723583769,28986.0,26910.0,17.594,23448.0,,11.507,20861.0,15.557,35450.0,54063.0
2025-08-01,30689.0,27331.0,3296.0,7813.0,24.185,10.67,24740.0,28367.0,13.514999999999999,2.2666354264292408,-3627.0,0.8721401628653013,0.8061520414480758,0.9243377105803382,30641.0,27815.0,17.839,24525.0,,11.664,21762.0,15.479,35071.0,54188.0
2025-08-04,29245.0,26187.0,3158.0,7594.0,23.915,9.915,24523.0,24775.0,14.0,2.412002017145739,-252.0,0.9898284561049445,0.838536501966148,0.8471533595486408,27932.0,27000.0,17.711,24491.0,,11.6,22048.0,15.171,33929.0,53438.0
2025-08-05,28121.0,24929.0,3006.0,7156.0,23.665,9.6,23930.0,23077.0,14.065,2.465104166666667,853.0,1.036963210122633,0.850965470644714,0.8206322677002952,26650.0,26660.0,17.456,23721.0,,11.393,21217.0,14.393,31250.0,52369.0
2025-08-06,29630.0,26434.0,3187.0,7688.0,24.135,10.37,25008.0,27148.0,13.765000000000002,2.327386692381871,-2140.0,0.92117283041108,0.8440094498818764,0.9162335470806615,29495.0,27490.0,17.739,24613.0,,11.629,22469.0,14.629,32271.0,53063.0
2025-08-07,29534.0,26576.0,3204.0,7775.0,24.075,9.985,24998.0,25271.0,14.09,2.411116675012519,-273.0,0.9891971033991532,0.8464143021602221,0.855657885826505,28355.0,27410.0,18.483,26687.0,,11.714,23067.0,14.871,33467.0,54119.0
2025-08-08,30951.0,27716.0,3342.0,8375.0,25.02,10.6,26877.0,28428.0,14.42,2.3603773584905663,-1551.0,0.9454411143942592,0.8683725889308908,0.9184840554424736,30936.0,29265.0,19.017,28110.0,,11.907,23898.0,14.879,33357.0,54050.0
2025-08-11,30684.0,27506.0,3317.0,8344.0,25.035,10.475,26976.0,27848.0,14.56,2.3899761336515515,-872.0,0.9686871588623959,0.879155260070395,0.9075739799243906,30418.0,29230.0,19.033,28219.0,,11.9,23840.0,14.871,33036.0,53856.0
2025-08-12,30206.0,27048.0,3261.0,8138.0,24.925,10.16,26897.0,26356.0,14.765,2.453248031496063,541.0,1.0205266353012596,0.8904522280341653,0.8725418790968682,29445.0,29055.0,18.861,27897.0,,11.879,23910.0,14.814,32993.0,53363.0
2025-08-13,30395.0,27206.0,3280.0,8888.0,25.075,9.975,27392.0,25580.0,15.1,2.5137844611528823,1812.0,1.0708365910867865,0.9012008554038493,0.8415857871360422,28964.0,29325.0,18.894,28175.0,,12.179,25152.0,14.814,33171.0,54719.0
2025-08-14,30695.0,27404.0,3304.0,9113.0,25.1,10.145,27679.0,26656.0,14.955000000000002,2.4741251848201085,1023.0,1.0383778511404562,0.9017429548786448,0.8684150513112885,29659.0,29680.0,18.944,28535.0,,12.207,25536.0,14.75,32771.0,54719.0
2025-08-15,30249.0,27323.0,3295.0,9031.0,24.872,9.897,26981.0,25172.0,14.975,2.513084773163585,1809.0,1.071865564913396,0.8919633706899401,0.8321597408178782,28475.0,29228.0,18.806,27932.0,,12.171,25186.0,15.029,33900.0,54094.0
2025-08-18,29505.0,26638.0,3212.0,8813.0,24.51,9.767,26324.0,24558.0,14.743000000000002,2.5094706665301527,1766.0,1.0719113934359477,0.8921877647856296,0.8323335027961363,27773.0,28501.0,18.324,26713.0,,12.079,24932.0,14.829,32700.0,53219.0
2025-08-19,27814.0,25072.0,3023.0,7881.0,24.0,9.195,25513.0,21801.0,14.805,2.6101141924959217,3712.0,1.1702674189257374,0.9172718774717769,0.7838139066657079,24886.0,27423.0,17.911,25811.0,,11.843,24177.0,14.493,31207.0,52656.0
2025-08-20,26647.0,23778.0,2867.0,7188.0,23.475,9.04,24584.0,21101.0,14.435000000000002,2.5967920353982303,3483.0,1.1650632671437373,0.9225804030472473,0.7918715052351109,23986.0,26510.0,17.489,24798.0,,11.55,23073.0,13.664,28921.0,51100.0
2025-08-21,25419.0,22418.0,2703.0,6612.0,23.269,8.75,24028.0,19488.0,14.518999999999998,2.6593142857142857,4540.0,1.2329638752052545,0.9452771548841418,0.7666706007317361,22614.0,26075.0,17.338,24256.0,,11.3,21911.0,13.079,27071.0,48788.0
2025-08-22,26427.0,23160.0,2793.0,6912.0,23.44,9.395,24316.0,22748.0,14.045000000000002,2.4949441192123474,1568.0,1.0689291366273959,0.9201195746774132,0.8607863170242555,25068.0,26630.0,17.422,24430.0,,11.334,21882.0,13.129,27250.0,48356.0
2025-08-26,29178.0,25140.0,3031.0,7663.0,24.72,10.72,26225.0,28991.0,13.999999999999998,2.305970149253731,-2766.0,0.9045910799903418,0.8987936116251971,0.9935910617588594,30986.0,29020.0,18.183,25845.0,,11.8,23283.0,13.129,26857.0,48731.0
2025-08-27,28721.0,24786.0,2989.0,8125.0,24.71,10.325,26611.0,27320.0,14.385000000000002,2.3932203389830513,-709.0,0.9740483162518302,0.926534591413948,0.951220361408029,29447.0,29011.0,18.111,26045.0,,11.886,21173.0,13.107,26779.0,49031.0
2025-08-28,27741.0,23918.0,2884.0,7531.0,24.435,10.025,25770.0,25527.0,14.409999999999998,2.4374064837905234,243.0,1.0095193324715008,0.928949929706932,0.9201903319995675,28362.0,28326.0,17.939,25304.0,,11.7,23180.0,12.821,25832.0,47331.0
2025-08-29,28141.0,24257.0,2925.0,7844.0,24.48,10.2,26166.0,26689.0,14.280000000000001,2.4000000000000004,-523.0,0.9804039117239312,0.929817703706336,0.9484026864716961,29026.0,28691.0,18.222,26348.0,,11.864,23995.0,12.907,25869.0,47588.0
2025-09-01,,,,8894.0,24.465,10.265,26057.0,26953.0,14.2,2.38334145153434,-896.0,0.9667569472785961,,,29484.0,28601.0,18.456,26891.0,,12.114,24927.0,12.893,25836.0,47688.0
2025-09-02,,,,7850.0,24.265,10.11,25493.0,26014.0,14.155000000000001,2.4000989119683482,-521.0,0.9799723225955255,,,28534.0,28297.0,18.339,26420.0,,11.807,23428.0,12.843,25329.0,47156.0
2025-09-03,,,,7500.0,23.695,9.952,24276.0,25128.0,13.743,2.38092845659164,-852.0,0.9660936007640879,,,27659.0,27285.0,18.011,25466.0,,11.636,22724.0,12.5,24414.0,46675.0
2025-09-04,,,,7469.0,23.655,10.11,24643.0,26323.0,13.545000000000002,2.339762611275965,-1680.0,0.9361774873684611,,,28573.0,27300.0,17.967,25778.0,,11.614,22886.0,12.529,24621.0,47731.0
2025-09-05,,,,7381.0,23.57,9.99,24772.0,25965.0,13.58,2.359359359359359,-1193.0,0.954053533602927,,,28095.0,27135.0,17.9,25886.0,,11.493,22640.0,12.843,25579.0,47994.0
2025-09-08,,,,7581.0,23.675,10.36,25365.0,28194.0,13.315000000000001,2.2852316602316605,-2829.0,0.8996595020217067,,,29725.0,27412.0,18.0,26522.0,,11.586,23428.0,12.936,26143.0,48213.0
2025-09-09,,,,8244.0,24.06,10.51,25969.0,28825.0,13.549999999999999,2.2892483349191246,-2856.0,0.9009193408499566,,,30875.0,28455.0,18.209,26923.0,,11.721,23630.0,13.129,26943.0,49081.0
2025-09-10,,,,8431.0,24.09,10.59,26038.0,29243.0,13.5,2.274787535410765,-3205.0,0.8904011216359471,,,31190.0,28605.0,18.261,27070.0,,11.793,23968.0,13.55,27993.0,49475.0
2025-09-11,,,,11050.0,23.71,10.295,25237.0,27690.0,13.415000000000001,2.3030597377367656,-2453.0,0.9114120621162874,,,29862.0,27761.0,18.006,26348.0,,12.321,26117.0,13.486,28086.0,49288.0
2025-09-12,,,,11225.0,23.59,10.245,25395.0,27777.0,13.345,2.302586627623231,-2382.0,0.9142455988767686,,,29865.0,27775.0,17.961,26609.0,,12.379,26621.0,13.5,28479.0,49844.0
2025-09-15,,,,11450.0,23.78,10.62,25524.0,29482.0,13.160000000000002,2.239171374764595,-3958.0,0.8657485923614409,,,31680.0,28245.0,18.233,27091.0,,12.486,26882.0,13.543,28764.0,50200.0
2025-09-16,,,,11544.0,23.94,10.4,25701.0,28236.0,13.540000000000001,2.301923076923077,-2535.0,0.9102209944751382,,,30850.0,28480.0,18.294,27119.0,,12.514,27001.0,13.721,29500.0,51844.0
2025-09-17,,,,11694.0,24.03,10.585,25414.0,28780.0,13.445,2.2701936702881436,-3366.0,0.8830437804030576,,,31693.0,28550.0,18.35,26820.0,,12.636,27387.0,14.321,31543.0,52844.0
2025-09-18,,,,11938.0,24.52,10.955,26512.0,30786.0,13.565,2.238247375627567,-4274.0,0.8611706619892159,,,33180.0,29470.0,18.644,27722.0,,12.779,28048.0,14.557,32414.0,53438.0
2025-09-19,,,,12013.0,24.77,10.94,27343.0,31001.0,13.83,2.264168190127971,-3658.0,0.8820038063288281,,,33125.0,30055.0,18.767,28371.0,,12.886,28693.0,14.721,32771.0,53750.0
2025-09-22,,,,11981.0,24.845,10.775,27680.0,30319.0,14.069999999999999,2.3058004640371226,-2639.0,0.9129588706751542,,,32160.0,30270.0,18.772,28566.0,,12.739,28242.0,14.264,31057.0,53813.0
2025-09-23,,,,12113.0,25.015,10.77,28056.0,30328.0,14.245000000000001,2.3226555246053855,-2272.0,0.9250857293590081,,,32320.0,30720.0,18.891,28919.0,,12.914,28783.0,14.9,33300.0,54313.0
2025-09-24,,,,12363.0,25.75,10.815,29302.0,30378.0,14.935,2.380952380952381,-1076.0,0.9645796299953914,,,32670.0,32043.0,19.333,29889.0,,13.143,29232.0,15.129,34179.0,55656.0
2025-09-25,,,,12469.0,25.985,11.0,29578.0,31162.0,14.985,2.3622727272727273,-1584.0,0.9491688595083756,,,33630.0,32655.0,19.511,30179.0,,13.243,29683.0,15.207,34650.0,56156.0
2025-09-26,,,,12563.0,25.935,10.9,29331.0,30522.0,15.034999999999998,2.3793577981651373,-1191.0,0.9609789659917437,,,33225.0,32465.0,19.472,29933.0,,13.286,29685.0,15.293,34736.0,56169.0
2025-09-29,,,,12275.0,25.755,10.575,28757.0,28669.0,15.18,2.4354609929078013,88.0,1.003069517597405,,,31502.0,31950.0,19.353,29409.0,,13.079,28549.0,15.193,34107.0,55663.0
2025-09-30,,,,11238.0,24.74,10.095,27314.0,26700.0,14.644999999999998,2.4507181773155025,614.0,1.022996254681648,,,29060.0,29865.0,18.75,28355.0,,12.564,27233.0,14.664,32014.0,53750.0
2025-10-01,,,,10044.0,23.725,9.07,25177.0,21341.0,14.655000000000001,2.615766262403528,3836.0,1.1797479030973244,,,24808.0,27790.0,17.944,26098.0,,12.014,25137.0,13.443,28000.0,49344.0
2025-10-02,,,,9400.0,23.52,8.91,24821.0,20565.0,14.61,2.6397306397306397,4256.0,1.2069535618769753,,,23530.0,27462.0,17.767,25677.0,,11.9,24974.0,12.8,26171.0,47156.0
2025-10-03,,,,9450.0,23.533,8.975,25342.0,21326.0,14.558000000000002,2.6220612813370474,4016.0,1.1883147331895338,,,23717.0,27489.0,17.825,26306.0,,11.814,24943.0,12.729,25993.0,47094.0
2025-10-06,,,,9863.0,23.872,9.295,25874.0,22844.0,14.577,2.568262506724045,3030.0,1.1326387672911924,,,24933.0,28433.0,17.919,26422.0,,11.9,25241.0,12.836,26743.0,48431.0
2025-10-07,,,,10063.0,23.967,9.46,25834.0,23492.0,14.506999999999998,2.5335095137420716,2342.0,1.0996935126851695,,,25780.0,28856.0,18.0,26417.0,,12.007,25557.0,12.9,26629.0,48713.0
2025-10-08,,,,10125.0,24.05,9.5,26157.0,23834.0,14.55,2.531578947368421,2323.0,1.0974658051523034,,,25905.0,28828.0,17.986,26533.0,,12.057,25785.0,13.121,27250.0,49369.0
2025-10-09,,,,8269.0,23.55,9.39,25128.0,23236.0,14.16,2.5079872204472844,1892.0,1.081425374419005,,,25410.0,27644.0,17.686,25700.0,,11.25,22479.0,12.65,25579.0,48438.0
2025-10-10,,,,8337.0,23.56,9.625,25514.0,24757.0,13.934999999999999,2.4477922077922076,757.0,1.0305772104859232,,,26600.0,27752.0,17.738,26190.0,,11.171,22271.0,12.636,25436.0,47250.0
2025-10-13,32913.0,28132.0,3392.0,9638.0,25.2,12.15,29352.0,38465.0,13.049999999999999,2.074074074074074,-9113.0,0.7630833225009749,0.8918056694922979,1.1686871448971532,38477.0,31750.0,18.831,29655.0,,11.557,24378.0,13.243,27493.0,49438.0
2025-10-14,29180.0,24938.0,3007.0,8938.0,23.709,10.305,26294.0,28658.0,13.404,2.3007278020378457,-2364.0,0.9175099448670528,0.9010966415352981,0.9821110349554489,31005.0,29200.0,17.822,26879.0,,11.256,22906.0,12.713,26050.0,48031.0
2025-10-15,28388.0,24185.0,2916.0,8639.0,23.295,10.165,25772.0,28199.0,13.130000000000003,2.2916871618298087,-2427.0,0.9139331181956807,0.9078483866422432,0.9933422572918135,30214.0,28505.0,17.561,26474.0,,11.094,22399.0,12.468,25119.0,46711.0
2025-10-16,29660.0,25358.0,3058.0,9278.0,24.213,10.555,27578.0,30187.0,13.658000000000001,2.2939838938891524,-2609.0,0.9135720674462517,0.9298044504383007,1.0177680377612948,31973.0,29964.0,18.172,28081.0,,11.281,23310.0,12.613,25919.0,47444.0
2025-10-17,29978.0,25882.0,3121.0,9683.0,24.523,10.485,28429.0,30034.0,14.038,2.3388650453028137,-1605.0,0.9465605646933476,0.9483287744345854,1.001868036560144,31682.0,30786.0,18.383,28868.0,,11.344,23605.0,12.744,26525.0,48028.0
2025-10-20,30022.0,25944.0,3128.0,9872.0,24.518,10.48,28677.0,30232.0,14.038,2.339503816793893,-1555.0,0.9485644350357237,0.955199520351742,1.0069948704283525,31682.0,30727.0,18.356,29044.0,,11.394,23807.0,12.763,26625.0,48194.0
2025-10-21,30579.0,26404.0,3184.0,10083.0,24.605,10.69,28859.0,31316.0,13.915000000000001,2.301683816651076,-2457.0,0.9215417039213182,0.94375224827496,1.0241015075705548,32950.0,30873.0,18.428,29245.0,,11.431,23993.0,12.825,26806.0,48378.0
2025-10-22,30439.0,26199.0,3159.0,10000.0,24.309,10.75,28016.0,31400.0,13.559000000000001,2.2613023255813953,-3384.0,0.8922292993630573,0.9203981733959723,1.0315713394001118,33375.0,30159.0,18.28,28605.0,,11.306,23418.0,12.738,26263.0,48228.0
2025-10-23,29552.0,25367.0,3059.0,10064.0,23.659,10.405,26621.0,29539.0,13.254,2.273810667948102,-2918.0,0.9012153424286536,0.9008188955062263,0.9995600974553329,32068.0,28827.0,17.889,27466.0,,11.313,22983.0,12.638,25894.0,47833.0
2025-10-24,27643.0,23811.0,2871.0,9661.0,22.845,9.705,24407.0,25432.0,13.139999999999999,2.353941267387944,-1025.0,0.9596964454230891,0.8829360054986796,0.9200159172304019,28609.0,27305.0,17.372,25517.0,,11.238,22226.0,12.4,24825.0,46978.0
2025-10-27,27347.0,23534.0,2838.0,9500.0,22.764,9.625,24177.0,24963.0,13.139,2.365090909090909,-786.0,0.968513399831751,0.8840823490693678,0.9128240757669945,28173.0,26977.0,17.328,25333.0,,11.163,21754.0,12.338,24581.0,46944.0
2025-10-28,26716.0,23089.0,2784.0,9383.0,22.477,9.347,23431.0,23385.0,13.13,2.404728789986092,46.0,1.001967072909985,0.877039976044318,0.8753181614014074,26723.0,26182.0,17.189,24794.0,,11.1,21656.0,12.365,24456.0,47806.0
2025-10-29,27177.0,23580.0,2843.0,10050.0,22.773,9.325,24601.0,23778.0,13.448,2.4421447721179628,823.0,1.0346118260577004,0.90521396769327,0.8749310078375097,26823.0,26895.0,17.289,25620.0,,11.244,22589.0,12.575,25369.0,48028.0
2025-10-30,28071.0,24428.0,2945.0,10278.0,23.377,9.515,25509.0,24502.0,13.861999999999998,2.456857593273778,1007.0,1.0410986858215656,0.9087314310142139,0.8728581097930248,27573.0,27909.0,17.817,26742.0,,11.406,22824.0,12.894,26669.0,49261.0
2025-10-31,27770.0,24288.0,2929.0,10194.0,23.314,9.28,25255.0,23188.0,14.034,2.512284482758621,2067.0,1.0891409349663619,0.9094346416996759,0.8350018005041412,26573.0,27732.0,17.794,26557.0,,11.394,22419.0,13.013,26931.0,49778.0
2025-11-03,27324.0,23955.0,2888.0,9972.0,23.014,9.12,24583.0,22300.0,13.894,2.523464912280702,2283.0,1.1023766816143499,0.8996852583809105,0.8161323378714683,25732.0,27214.0,17.606,25984.0,,11.325,22218.0,13.031,27000.0,49744.0
2025-11-04,27827.0,24444.0,2947.0,10028.0,22.991,9.485,24191.0,23869.0,13.506,2.423932525039536,322.0,1.0134903012275336,0.8693355374276781,0.857764042117368,26886.0,27208.0,17.648,25762.0,,11.331,22331.0,13.163,27363.0,50056.0
2025-11-05,29033.0,25573.0,3084.0,10389.0,23.168,10.085,24917.0,27266.0,13.082999999999998,2.297273177987109,-2349.0,0.9138487493581751,0.8582302896703751,0.939138222023215,29418.0,27627.0,17.811,26555.0,,11.469,23193.0,13.375,28400.0,50172.0
2025-11-06,30387.0,26888.0,3242.0,10978.0,23.432,10.55,25419.0,29630.0,12.881999999999998,2.2210426540284356,-4211.0,0.8578805264934188,0.8365090334682594,0.9750880310659163,31785.0,28277.0,17.972,26962.0,,11.669,23984.0,13.675,29639.0,51000.0
2025-11-07,30726.0,27709.0,3341.0,11739.0,23.418,10.365,25590.0,28854.0,13.052999999999999,2.2593342981186684,-3264.0,0.8868787689748389,0.8328451474321421,0.9390743995313415,30965.0,28137.0,17.993,27208.0,,12.106,25893.0,14.419,32838.0,51689.0
2025-11-10,30196.0,27063.0,3263.0,11394.0,23.305,10.32,25238.0,28512.0,12.985,2.258236434108527,-3274.0,0.8851711560044894,0.8358060670287455,0.9442310239766857,30800.0,27810.0,17.908,26859.0,,12.0,25455.0,14.3,32313.0,49539.0
2025-11-11,29591.0,26469.0,3192.0,11072.0,23.123,10.245,24848.0,28103.0,12.878000000000002,2.257003416300635,-3255.0,0.8841760666121055,0.8397147781420027,0.9497144402014126,30309.0,27123.0,17.818,26592.0,,11.906,25101.0,14.163,31688.0,48517.0
2025-11-12,27976.0,25067.0,3023.0,10656.0,22.727,9.5,23748.0,24014.0,13.227,2.392315789473684,-266.0,0.9889231281752311,0.848870460394624,0.8583786102373463,27055.0,26270.0,17.62,25764.0,,11.725,24014.0,13.981,30794.0,47906.0
2025-11-13,,,,10856.0,22.777,10.035,24589.0,27396.0,12.742,2.269755854509218,-2807.0,0.8975397868301942,,,29282.0,26409.0,17.68,26636.0,,11.819,24968.0,14.206,32004.0,48228.0
2025-11-14,,,,11217.0,23.505,10.295,25891.0,28607.0,13.209999999999999,2.2831471588149586,-2716.0,0.9050582025378404,,,30423.0,27927.0,17.98,27297.0,,12.113,26148.0,14.45,32831.0,48750.0
2025-11-17,,,,11406.0,23.605,10.315,25732.0,28401.0,13.290000000000001,2.288414929714009,-2669.0,0.9060244357593042,,,30636.0,28209.0,18.075,27206.0,,12.275,26310.0,14.688,33944.0,50272.0
2025-11-18,,,,12006.0,24.377,10.785,27110.0,30679.0,13.591999999999999,2.2602688919796012,-3569.0,0.8836663515759966,,,32705.0,30050.0,18.495,28175.0,,12.631,27609.0,15.05,35406.0,51906.0
2025-11-19,,,,12439.0,24.727,10.785,27951.0,30807.0,13.942,2.2927213722763096,-2856.0,0.907293796864349,,,32800.0,30841.0,18.715,28900.0,,12.906,28631.0,15.681,37863.0,52733.0
2025-11-20,,,,12681.0,24.72,10.785,28413.0,31219.0,13.934999999999999,2.2920723226703754,-2806.0,0.9101188378871841,,,32850.0,30752.0,18.689,29288.0,,13.064,29792.0,15.8,38429.0,52738.0
2025-11-21,,,,12722.0,24.632,10.48,28367.0,29769.0,14.152000000000001,2.350381679389313,-1402.0,0.9529040276798011,,,31805.0,30423.0,18.627,29248.0,,13.113,30177.0,16.188,39413.0,53622.0
2025-11-24,,,,13072.0,24.741,10.695,29009.0,31238.0,14.046,2.3133239831697052,-2229.0,0.928644599526218,,,32941.0,30677.0,18.675,29784.0,,13.25,31057.0,16.206,39538.0,53956.0
2025-11-25,,,,13372.0,24.745,10.595,28967.0,30683.0,14.15,2.3355356300141574,-1716.0,0.9440732653260764,,,32800.0,30893.0,18.675,29737.0,,13.488,32014.0,16.219,39863.0,54200.0
2025-11-26,,,,16383.0,24.691,10.96,29276.0,32912.0,13.730999999999998,2.2528284671532846,-3636.0,0.8895235780262518,,,34464.0,31159.0,18.775,30401.0,,14.125,34974.0,17.156,44181.0,56194.0
2025-11-27,,,,19356.0,24.523,11.605,32292.0,39875.0,12.918,2.1131408875484703,-7583.0,0.8098307210031348,,,37232.0,30988.0,19.655,36430.0,,15.088,41385.0,17.55,45906.0,60011.0
2025-11-28,,,,20084.0,25.091,11.89,29879.0,37867.0,13.201,2.110260723296888,-7988.0,0.7890511527187261,,,38941.0,32226.0,19.955,33344.0,,15.625,41330.0,18.131,48025.0,66000.0
2025-12-01,,,,20361.0,25.282,12.075,33720.0,42318.0,13.207,2.0937474120082817,-8598.0,0.7968240465050334,,,40159.0,32800.0,20.175,37720.0,,16.025,44710.0,18.319,48416.0,66972.0
2025-12-02,,,,20494.0,25.436,12.21,30126.0,39172.0,13.225999999999999,2.083210483210483,-9046.0,0.7690697436944757,,,41032.0,33032.0,20.25,33706.0,,16.144,43730.0,18.588,49456.0,67550.0
2025-12-03,,,,23656.0,25.868,12.605,31060.0,41518.0,13.262999999999998,2.0522015073383577,-10458.0,0.7481092538176213,,,43194.0,34091.0,20.675,34907.0,,17.731,50779.0,22.46,66238.0,74889.0
2025-12-04,,,,23622.0,25.718,12.075,30922.0,38686.0,13.643,2.1298550724637684,-7764.0,0.799307242930259,,,40650.0,33836.0,21.465,37461.0,,17.738,51088.0,22.366,66350.0,75967.0
2025-12-05,,,,22433.0,25.059,12.02,29658.0,38420.0,13.039000000000001,2.08477537437604,-8762.0,0.7719416970327955,,,40023.0,32723.0,20.965,36017.0,,17.275,49141.0,21.556,63319.0,70489.0
2025-12-08,,,,22150.0,24.823,12.115,29112.0,38867.0,12.708,2.0489475856376393,-9755.0,0.7490158746494455,,,40318.0,31995.0,19.58,32123.0,13.37,17.038,48021.0,21.306,61988.0,69667.0
2025-12-09,,,,20539.0,24.168,11.64,27578.0,35876.0,12.527999999999999,2.076288659793814,-8298.0,0.7687033114059538,,,37973.0,30277.0,18.955,30240.0,13.34,16.419,45293.0,19.963,55625.0,65744.0
2025-12-10,,,,19567.0,22.764,10.855,25197.0,32143.0,11.908999999999999,2.0970981114693688,-6946.0,0.7839031826525216,,,34314.0,27541.0,18.14,28463.0,13.28,16.0,43720.0,19.156,52769.0,63561.0
2025-12-11,,,,18028.0,22.014,10.13,23714.0,28431.0,11.883999999999999,2.17314906219151,-4717.0,0.8340895501389328,,,30609.0,26050.0,17.52,26822.0,13.22,15.288,40740.0,18.188,48525.0,60056.0
2025-12-12,,,,15846.0,21.886,10.49,23619.0,30412.0,11.395999999999999,2.086367969494757,-6793.0,0.7766342233328949,,,32232.0,25977.0,17.41,26683.0,13.2,14.075,35449.0,16.675,42794.0,57722.0
2025-12-15,,,,15194.0,22.155,10.82,24151.0,32101.0,11.335,2.047597042513863,-7950.0,0.752344163733217,,,34018.0,26536.0,17.595,27173.0,13.19,13.631,33442.0,16.244,41581.0,57417.0
2025-12-16,,,,16333.0,24.995,10.525,29650.0,30488.0,14.47,2.3748218527315914,-838.0,0.9725137759118342,,,32823.0,30505.0,18.66,29878.0,13.21,14.088,35599.0,16.444,42063.0,57844.0
2025-12-17,,,,16428.0,24.295,10.365,28542.0,29909.0,13.930000000000001,2.3439459720212255,-1367.0,0.9542946939048447,,,31614.0,29605.0,18.275,29125.0,13.17,14.3,36774.0,15.744,39538.0,56378.0
2025-12-18,,,,16267.0,24.073,10.5,28103.0,30600.0,13.573,2.292666666666667,-2497.0,0.9183986928104575,,,32205.0,29791.0,18.15,28794.0,13.17,14.25,36788.0,15.438,38388.0,56033.0
2025-12-19,,,,16339.0,24.177,10.095,28388.0,28595.0,14.081999999999999,2.3949479940564635,-207.0,0.9927609721979367,,,30800.0,29818.0,17.555,27295.0,13.17,14.313,36774.0,15.306,37806.0,55633.0
2025-12-22,,,,16172.0,24.214,9.795,28501.0,27093.0,14.418999999999999,2.472077590607453,1408.0,1.051969143321153,,,29641.0,29850.0,17.515,27228.0,13.15,14.206,36543.0,15.131,37288.0,55111.0
2025-12-23,,,,15889.0,23.75,8.745,27662.0,21786.0,15.005,2.715837621497999,5876.0,1.2697144955475994,,,24705.0,28923.0,17.15,26338.0,13.07,13.663,33696.0,14.906,36369.0,54167.0
2025-12-24,,,,15933.0,23.618,8.915,27243.0,22519.0,14.703,2.6492428491306788,4724.0,1.2097784093432213,,,25136.0,28755.0,17.08,26000.0,13.05,13.531,32902.0,14.769,35938.0,53833.0
2026-01-02,28190.0,24687.0,3108.0,14956.0,22.214,8.46,24307.0,20053.0,13.753999999999998,2.625768321513002,4254.0,1.2121378347379443,0.8622561191912026,0.7113515431003902,22623.0,26332.0,16.38,23995.0,12.97,13.356,31495.0,14.706,34469.0,53194.0
2026-01-05,27652.0,24149.0,3049.0,14672.0,21.936,8.3,23955.0,19405.0,13.636,2.64289156626506,4550.0,1.2344756506055141,0.8663026182554607,0.7017575582236366,21545.0,26014.0,16.255,23854.0,12.93,13.288,31514.0,14.719,34281.0,53056.0
2026-01-06,27357.0,23854.0,3016.0,14633.0,22.2,8.13,24398.0,18466.0,14.069999999999999,2.730627306273062,5932.0,1.3212390339001407,0.891837555287495,0.6750009138428922,20582.0,26436.0,16.335,23990.0,12.91,13.306,31654.0,14.719,34050.0,52861.0
2026-01-07,26098.0,22595.0,2878.0,10567.0,21.723,7.99,23415.0,17715.0,13.732999999999999,2.7187734668335417,5700.0,1.3217612193056731,0.8971951873706797,0.678787646562955,19982.0,25482.0,15.885,22761.0,12.89,12.106,26682.0,14.513,32938.0,51778.0
2026-01-08,24682.0,21179.0,2721.0,8630.0,21.077,7.88,22296.0,17289.0,13.197000000000003,2.674746192893401,5007.0,1.2896061079298977,0.9033303622072766,0.7004699781217081,19336.0,24564.0,15.495,21881.0,12.87,11.631,24827.0,13.994,30325.0,49167.0
2026-01-09,23947.0,20444.0,2640.0,7496.0,20.823,7.855,21833.0,17195.0,12.968,2.650922978994271,4638.0,1.2697295725501598,0.9117217187956738,0.7180440138639496,19136.0,24050.0,15.343,21516.0,12.85,11.144,23028.0,13.338,28344.0,48389.0
2026-01-12,23341.0,19838.0,2574.0,6472.0,20.786,7.71,21562.0,16281.0,13.076,2.6959792477302207,5281.0,1.3243658251950126,0.9237821858532197,0.697527955100467,18523.0,23850.0,15.235,21040.0,12.84,10.906,21901.0,13.169,27219.0,48028.0
2026-01-13,22180.0,18677.0,2446.0,5561.0,20.327,7.515,20297.0,14974.0,12.812000000000001,2.7048569527611446,5323.0,1.3554828369173233,0.9151036970243462,0.6751127141568981,17773.0,22932.0,15.005,20089.0,12.83,10.588,20534.0,12.75,25438.0,45722.0
2026-01-14,21063.0,17560.0,2322.0,4694.0,19.182,7.545,17874.0,14991.0,11.636999999999999,2.5423459244532802,2883.0,1.19231538923354,0.848597065945022,0.7117219769263637,17895.0,20691.0,14.405,18348.0,12.79,10.231,18902.0,12.256,23813.0,43750.0
2026-01-15,19729.0,16226.0,2175.0,3389.0,19.259,7.225,17630.0,13009.0,12.034,2.6656055363321802,4621.0,1.3552156199554155,0.8936083937351107,0.6593846621724365,16355.0,20632.0,14.17,17345.0,12.37,9.819,17022.0,11.675,21938.0,41056.0
2026-01-16,20173.0,16670.0,2224.0,3206.0,19.559,7.45,18184.0,14127.0,12.109000000000002,2.6253691275167785,4057.0,1.2871805762015998,0.9014028652158826,0.7002924701333465,17000.0,21286.0,14.285,17612.0,11.64,9.669,16440.0,11.65,22344.0,41194.0
2026-01-19,21796.0,18293.0,2403.0,3433.0,20.277,8.11,19684.0,17575.0,12.167000000000002,2.500246609124538,2109.0,1.12,0.9031014865112865,0.8063406129565058,19627.0,22609.0,14.515,18297.0,11.57,9.794,16932.0,12.344,24156.0,41778.0
2026-01-20,23307.0,19804.0,2570.0,3789.0,20.932,8.495,20940.0,19512.0,12.437,2.464037669217187,1428.0,1.0731857318573186,0.8984425279958811,0.8371733813875659,21586.0,23769.0,15.08,19754.0,11.74,10.144,18670.0,12.938,25344.0,44278.0
2026-01-21,24782.0,21279.0,2732.0,4472.0,21.95,8.625,22914.0,20143.0,13.325,2.544927536231884,2771.0,1.1375664002382961,0.9246227100314744,0.8128076829957227,22377.0,25761.0,15.664,21262.0,12.07,10.475,19999.0,13.569,27031.0,47167.0
2026-01-22,23479.0,19976.0,2589.0,4461.0,21.886,7.78,22906.0,15919.0,14.105999999999998,2.8131105398457583,6987.0,1.4389094792386457,0.9755952127433025,0.6780101367179181,18836.0,25523.0,15.63,21286.0,12.15,10.431,19834.0,13.588,26875.0,47331.0
2026-01-23,23431.0,19928.0,2583.0,4378.0,21.777,7.855,22294.0,15960.0,13.922,2.772374283895608,6334.0,1.3968671679197995,0.9514745422730571,0.6811489052964022,19318.0,25377.0,15.595,20813.0,12.02,10.413,19647.0,13.431,26344.0,46611.0
2026-01-26,23817.0,20314.0,2626.0,4436.0,21.975,7.975,22686.0,16575.0,14.000000000000002,2.755485893416928,6111.0,1.3686877828054298,0.952512910945963,0.69593147751606,19798.0,25643.0,15.753,21231.0,12.04,10.5,19961.0,13.581,26906.0,47094.0
2026-01-27,,,,6672.0,23.95,9.175,26197.0,22376.0,14.774999999999999,2.610354223433242,3821.0,1.1707633178405434,,,24823.0,28918.0,17.09,24389.0,12.25,11.575,23965.0,16.206,37813.0,53861.0
2026-01-28,,,,6978.0,24.286,9.015,26742.0,21454.0,15.271,2.693954520244038,5288.0,1.2464808427332899,,,24264.0,29518.0,17.268,24746.0,12.68,11.7,24585.0,16.144,37063.0,54417.0
2026-01-29,,,,6806.0,24.245,8.835,26582.0,20463.0,15.41,2.744199207696661,6119.0,1.2990275130723745,,,23300.0,29036.0,17.22,24543.0,12.67,11.663,24379.0,15.981,35738.0,54194.0
2026-01-30,,,,8267.0,26.218,9.835,30089.0,25240.0,16.383,2.66578546009151,4849.0,1.1921156893819334,,,27927.0,32059.0,18.534,27640.0,12.98,12.406,26912.0,16.894,38938.0,57167.0
2026-02-02,,,,9378.0,25.868,9.345,29317.0,22663.0,16.522999999999996,2.7681112894596036,6654.0,1.2936063186691964,,,26014.0,31872.0,18.23,26760.0,13.21,12.825,28341.0,16.606,38475.0,57000.0
2026-02-03,,,,8665.0,24.568,8.505,27419.0,18945.0,16.063000000000002,2.8886537330981774,8474.0,1.4472948007389812,,,21991.0,29773.0,17.705,26017.0,12.84,12.681,28160.0,16.288,37444.0,55611.0
2026-02-04,,,,7689.0,23.727,8.345,25835.0,18195.0,15.382,2.843259436788496,7640.0,1.419895575707612,,,20995.0,28041.0,17.325,25088.0,12.65,12.206,26340.0,15.444,34000.0,53889.0
2026-02-05,,,,7533.0,23.55,8.405,24930.0,18022.0,15.145000000000001,2.801903628792386,6908.0,1.383309288647209,,,21014.0,27505.0,17.3,24488.0,12.55,12.081,25562.0,15.25,33188.0,52917.0
2026-02-06,,,,7444.0,23.195,8.435,23951.0,17935.0,14.76,2.7498518079430943,6016.0,1.3354335098968497,,,21150.0,26727.0,17.16,23851.0,12.5,12.038,25083.0,15.188,32694.0,52394.0
2026-02-09,,,,7089.0,22.986,8.067,23616.0,16120.0,14.919,2.8493863889921904,7496.0,1.465012406947891,,,19705.0,26286.0,16.958,23393.0,12.45,11.944,24805.0,15.013,32113.0,52167.0
2026-02-10,,,,6950.0,22.35,7.944,22398.0,15524.0,14.406000000000002,2.8134441087613293,6874.0,1.4427982478742591,,,18955.0,25041.0,16.49,22192.0,12.33,11.644,23608.0,15.139,32550.0,51861.0
2026-02-11,,,,6928.0,22.864,8.417,23494.0,18015.0,14.447000000000001,2.7164072709991687,5479.0,1.30413544268665,,,20850.0,26077.0,16.85,23221.0,12.42,11.581,23046.0,15.406,33281.0,54056.0
2026-02-12,,,,8056.0,24.209,9.378,25877.0,22695.0,14.831,2.5814672638089142,3182.0,1.1402070940735844,,,25695.0,28705.0,17.662,25104.0,13.35,12.044,24877.0,15.944,35031.0,55722.0
2026-02-13,,,,8083.0,23.923,9.272,25232.0,22084.0,14.650999999999998,2.580133735979292,3148.0,1.1425466401014308,,,25000.0,28236.0,17.466,24509.0,13.4,11.9,24536.0,15.725,34344.0,55028.0
2026-02-16,,,,8112.0,23.86,9.517,25504.0,23681.0,14.343,2.5070925711884,1823.0,1.0769815463873993,,,25975.0,28115.0,17.494,24964.0,13.35,11.9,24679.0,15.644,34156.0,54806.0
2026-02-17,,,,8117.0,23.825,9.494,25474.0,23597.0,14.331,2.5094796713713925,1877.0,1.0795440098317584,,,25935.0,28045.0,17.456,24901.0,,11.888,24438.0,15.531,33813.0,54333.0
2026-02-18,,,,8000.0,23.48,9.45,24396.0,23029.0,14.030000000000001,2.484656084656085,1367.0,1.0593599374701463,,,25780.0,27245.0,17.267,24020.0,,11.731,23652.0,15.131,31938.0,53000.0
2026-02-19,,,,7750.0,23.382,9.217,24241.0,21871.0,14.165000000000001,2.5368341108820656,2370.0,1.1083626720314572,,,24586.0,26927.0,17.172,23807.0,13.17,11.644,23278.0,14.638,29313.0,52111.0
2026-02-20,,,,7894.0,23.855,9.367,24622.0,22158.0,14.488,2.546706522899541,2464.0,1.1112013719649787,,,25364.0,27655.0,17.39,23851.0,13.27,11.675,22969.0,14.6,29219.0,52111.0
2026-02-23,,,,8211.0,24.323,10.172,25271.0,26040.0,14.151,2.391171844278411,-769.0,0.9704685099846391,,,28532.0,28414.0,17.69,24378.0,13.46,11.725,23018.0,14.713,29481.0,52583.0
2026-02-24,,,,8122.0,24.423,10.174,25390.0,25981.0,14.248999999999999,2.400530764694319,-591.0,0.9772526076748393,,,28591.0,28559.0,17.685,24289.0,13.77,11.681,22728.0,14.588,29219.0,52344.0
2026-02-25,,,,8311.0,23.95,9.9,24454.0,24579.0,14.049999999999999,2.419191919191919,-125.0,0.9949143577851011,,,27545.0,27491.0,17.43,23614.0,13.82,11.575,22257.0,14.575,28969.0,51750.0
2026-02-26,,,,7856.0,23.468,9.828,23500.0,24210.0,13.64,2.387871387871388,-710.0,0.9706732755059893,,,27214.0,26505.0,17.17,22926.0,13.78,11.344,21404.0,14.219,27875.0,50861.0
2026-02-27,,,,7472.0,23.45,10.239,23386.0,26246.0,13.210999999999999,2.2902627209688444,-2860.0,0.8910310142497905,,,28568.0,26568.0,17.17,22850.0,13.82,11.113,20308.0,13.744,25906.0,50028.0
2026-03-02,,,,8022.0,23.975,10.489,24068.0,27217.0,13.486,2.285727905424731,-3149.0,0.8843002535180218,,,29660.0,27255.0,17.628,23719.0,14.08,11.481,21596.0,13.9,25906.0,50639.0
2026-03-03,,,,8039.0,25.232,11.094,23821.0,27948.0,14.138,2.2743825491256535,-4127.0,0.8523329039645056,,,31386.0,28668.0,17.975,22011.0,14.73,11.794,20632.0,14.116,26113.0,50861.0
2026-03-04,,,,7717.0,25.955,11.322,23430.0,27538.0,14.633,2.2924394983218512,-4108.0,0.8508243154913211,,,31864.0,28455.0,18.525,21715.0,15.38,11.944,19696.0,13.563,23781.0,49972.0
2026-03-05,,,,7178.0,25.773,10.522,22238.0,22721.0,15.251,2.4494392701007413,-483.0,0.9787421328286607,,,27636.0,27077.0,18.468,20765.0,15.58,11.869,18949.0,13.269,22750.0,48111.0
2026-03-06,,,,6656.0,25.75,9.611,20054.0,16205.0,16.139,2.6792217251066486,3849.0,1.2375192841715519,,,21859.0,25593.0,18.43,18608.0,14.97,11.919,18805.0,13.069,20563.0,47139.0
2026-03-09,,,,6606.0,27.705,12.87,18653.0,28329.0,14.834999999999999,2.152680652680653,-9676.0,0.658441879346253,,,28614.0,25015.0,19.767,17083.0,15.27,12.556,19895.0,13.731,19938.0,45000.0
2026-03-10,,,,5950.0,27.964,11.305,11957.0,14075.0,16.659,2.47359575409111,-2118.0,0.8495204262877443,,,22473.0,22470.0,20.119,11085.0,15.93,12.663,17383.0,13.538,19438.0,44389.0
2026-03-11,23346.0,19843.0,2574.0,7556.0,27.95,11.67,7533.0,10898.0,16.28,2.3950299914310196,-3365.0,0.6912277482106809,0.3226676946800308,0.46680373511522316,23459.0,22085.0,20.452,7741.0,16.33,13.469,20080.0,14.0,21313.0,43778.0
2026-03-12,24676.0,21173.0,2721.0,8028.0,29.005,12.46,11600.0,16658.0,16.544999999999998,2.3278491171749596,-5058.0,0.6963621082963141,0.4700923974712271,0.6750688928513535,25977.0,23140.0,21.348,12016.0,16.97,13.819,21327.0,14.35,22063.0,43889.0
2026-03-13,26124.0,22621.0,2880.0,8311.0,29.395,13.48,10946.0,20645.0,15.915,2.1806379821958455,-9699.0,0.5302010171954469,0.4190016842749962,0.7902694839993876,28850.0,23305.0,21.728,11651.0,17.73,14.019,19552.0,14.606,23156.0,45500.0
2026-03-16,26543.0,23040.0,2927.0,8183.0,29.795,13.475,11499.0,20414.0,16.32,2.21113172541744,-8915.0,0.5632898990888606,0.4332215650077233,0.7690916625852391,29000.0,24175.0,22.0,12143.0,18.25,14.175,20675.0,14.906,24119.0,45667.0
2026-03-17,26194.0,22691.0,2888.0,7989.0,29.895,12.725,12014.0,16848.0,17.17,2.3493123772102162,-4834.0,0.7130816714150048,0.45865465373749714,0.6432007329922883,26582.0,24320.0,21.972,12373.0,18.25,14.481,22280.0,15.3,25969.0,47333.0
2026-03-18,27077.0,23574.0,2986.0,9256.0,30.509,12.365,15288.0,16789.0,18.144,2.467367569753336,-1501.0,0.9105962237179105,0.5646120323521808,0.6200465339587103,26461.0,25705.0,22.189,14927.0,18.07,14.963,24291.0,15.613,26969.0,49500.0
2026-03-19,26892.0,23389.0,2965.0,9028.0,30.732,11.88,17591.0,15917.0,18.851999999999997,2.5868686868686868,1674.0,1.1051705723440346,0.6541350587535326,0.5918860627695969,24718.0,26275.0,22.128,16555.0,18.05,15.181,24875.0,15.919,28250.0,50444.0
2026-03-20,26941.0,23438.0,2971.0,9111.0,30.65,11.71,16636.0,14361.0,18.939999999999998,2.6174210076857385,2275.0,1.1584151521481791,0.6174974945250733,0.5330537099587989,24559.0,26125.0,22.039,15558.0,17.95,15.263,23983.0,15.938,28575.0,51111.0
2026-03-23,26634.0,23131.0,2937.0,8750.0,30.545,11.65,18211.0,15597.0,18.895000000000003,2.6218884120171673,2614.0,1.1675963326280696,0.6837500938649846,0.585604865960802,24232.0,26080.0,21.994,17153.0,17.17,15.138,23633.0,15.675,27781.0,50972.0
2026-03-24,25795.0,22292.0,2844.0,8606.0,30.1,11.255,18083.0,14227.0,18.845,2.674366948023101,3856.0,1.2710339495325789,0.7010273308780771,0.5515409963171157,23468.0,25605.0,21.833,17450.0,16.8,14.9,22812.0,14.906,25275.0,50500.0
2026-03-25,26440.0,22937.0,2915.0,8644.0,30.25,10.59,20954.0,13051.0,19.66,2.8564683663833805,7903.0,1.6055474676270018,0.7925113464447806,0.49360816944024205,22291.0,27065.0,21.878,20044.0,15.78,14.875,24652.0,15.069,26625.0,54378.0
2026-03-26,26974.0,23471.0,2974.0,8761.0,30.559,10.6,24536.0,15675.0,19.959000000000003,2.882924528301887,8861.0,1.5652950558213716,0.9096166679024246,0.5811151479202195,22841.0,28600.0,21.983,23177.0,15.47,14.713,24942.0,14.744,25538.0,55233.0
2026-03-27,27497.0,23994.0,3032.0,8778.0,30.482,10.99,24542.0,17809.0,19.491999999999997,2.7736123748862602,6733.0,1.3780672693581897,0.8925337309524676,0.6476706549805433,24541.0,28800.0,22.044,23491.0,15.32,14.581,24074.0,14.644,24881.0,55028.0
2026-03-30,27248.0,23745.0,3004.0,8706.0,30.205,10.98,23123.0,17003.0,19.224999999999998,2.750910746812386,6120.0,1.3599364817973298,0.8486127422196125,0.6240091015854374,24595.0,28345.0,21.947,22397.0,15.43,14.594,23399.0,14.35,24138.0,54756.0
2026-03-31,26724.0,23221.0,2947.0,8489.0,30.123,11.12,22208.0,17068.0,19.003,2.708902877697842,5140.0,1.3011483477853292,0.831013321359078,0.638676844783715,24655.0,28212.0,21.894,21533.0,15.37,14.406,23415.0,13.594,21625.0,53894.0
2026-04-01,27421.0,23918.0,3023.0,8522.0,30.141,11.55,22006.0,19064.0,18.590999999999998,2.6096103896103893,2942.0,1.1543222828367603,0.8025236132890851,0.6952335801028409,26968.0,28534.0,21.889,21291.0,15.5,14.369,22852.0,13.469,21119.0,52922.0
2026-04-02,27991.0,24488.0,3086.0,8633.0,30.164,11.635,22487.0,19876.0,18.529000000000003,2.592522561237645,2611.0,1.131364459649829,0.8033653674395341,0.7100853845879033,27515.0,28465.0,21.933,21827.0,15.88,14.419,24217.0,13.7,23094.0,53611.0
2026-04-06,,,,,,,,,,,,,,,,,,,15.98,,,,,
2026-04-07,28548.0,25045.0,3148.0,8678.0,30.455,12.01,22786.0,21556.0,18.445,2.535803497085762,1230.0,1.0570606791612545,0.7981644948858063,0.7550791649152305,28955.0,28786.0,22.115,22042.0,16.13,14.431,23076.0,13.825,22988.0,53472.0
2026-04-08,29205.0,25702.0,3220.0,8806.0,30.523,12.16,22999.0,22393.0,18.363,2.510115131578947,606.0,1.027062028312419,0.7875021400445129,0.7667522684471837,29850.0,29809.0,22.235,22436.0,16.21,14.413,22645.0,13.838,23563.0,53361.0
2026-04-09,29338.0,25835.0,3235.0,8694.0,30.114,11.929,24725.0,23405.0,18.185000000000002,2.52443624779948,1320.0,1.0563982055116428,0.8427636512373031,0.7977708091894471,29745.0,30009.0,22.005,24264.0,16.28,14.163,23928.0,13.781,23875.0,54056.0
2026-04-10,30088.0,26585.0,3318.0,8728.0,30.2,12.02,26242.0,25037.0,18.18,2.512479201331115,1205.0,1.0481287694212564,0.8721749534698219,0.8321257644243553,30306.0,30491.0,22.088,25778.0,16.35,14.175,24178.0,14.025,24375.0,56889.0
2026-04-13,,,,8811.0,30.455,12.39,27182.0,27309.0,18.064999999999998,2.4580306698950762,-127.0,0.9953495184737632,,,32514.0,31173.0,22.225,26559.0,16.63,14.213,24834.0,14.269,25000.0,57167.0
2026-04-14,,,,9233.0,31.855,13.08,29634.0,30567.0,18.775,2.4353975535168195,-933.0,0.9694768868387477,,,35473.0,33859.0,23.035,28399.0,16.98,14.431,24829.0,14.606,26438.0,58361.0
2026-04-15,,,,10111.0,32.441,13.53,31229.0,33248.0,18.911,2.397708795269771,-2019.0,0.9392745428296438,,,37582.0,35568.0,23.613,30348.0,17.55,14.975,27280.0,16.025,32969.0,61583.0
2026-04-16,,,,10417.0,32.377,13.28,31934.0,32688.0,19.097,2.4380271084337353,-754.0,0.9769334312285854,,,37077.0,35795.0,23.588,31081.0,17.87,15.119,28118.0,17.006,36756.0,62194.0
2026-04-17,,,,10856.0,32.673,13.595,33272.0,34953.0,19.078000000000003,2.40331004045605,-1681.0,0.951906846336509,,,38602.0,36623.0,23.79,32339.0,17.97,15.281,28677.0,17.144,37281.0,62556.0
2026-04-20,,,,11472.0,33.714,13.605,35530.0,35176.0,20.108999999999998,2.4780595369349503,354.0,1.0100636797816693,,,38977.0,38864.0,24.228,33689.0,18.2,15.65,30555.0,17.719,39438.0,66333.0
2026-04-21,,,,11444.0,33.395,13.515,36166.0,35812.0,19.880000000000003,2.470958194598594,354.0,1.0098849547637663,,,38739.0,38505.0,24.078,34510.0,18.27,15.719,31531.0,18.1,40469.0,66500.0
2026-04-22,,,,11906.0,33.268,13.25,35796.0,34353.0,20.018,2.510792452830189,1443.0,1.04200506505982,,,38309.0,38524.0,23.995,34176.0,18.26,15.875,32007.0,18.875,43094.0,68111.0
2026-04-23,,,,13494.0,33.218,12.995,35063.0,32498.0,20.223000000000006,2.5562139284340133,2565.0,1.0789279340267093,,,37150.0,38057.0,24.02,33633.0,18.02,16.031,31658.0,18.869,42844.0,68056.0
2026-04-24,,,,13806.0,33.068,13.0,33658.0,31564.0,20.067999999999998,2.5436923076923077,2094.0,1.0663414015967558,,,37034.0,37341.0,24.2,33044.0,17.94,16.019,31021.0,18.844,42438.0,67583.0
2026-04-27,,,,14217.0,33.032,13.03,33864.0,31957.0,20.001999999999995,2.5350729086722947,1907.0,1.0596739368526458,,,36977.0,37091.0,24.195,33297.0,17.82,16.138,30811.0,18.994,42438.0,67839.0
2026-04-28,,,,14367.0,33.118,13.2,32608.0,31593.0,19.918000000000003,2.5089393939393942,1015.0,1.0321273699870224,,,37477.0,37277.0,24.262,32104.0,18.23,16.088,29949.0,19.006,42413.0,67556.0
2026-04-29,,,,14344.0,33.173,13.24,32677.0,31763.0,19.933,2.505513595166163,914.0,1.028775619431414,,,37564.0,37173.0,24.243,32015.0,18.53,16.149,30021.0,18.963,41538.0,67028.0
2026-04-30,,,,14750.0,34.455,13.44,34619.0,32273.0,21.015,2.563616071428571,2346.0,1.0726923434449849,,,37873.0,38405.0,24.81,32945.0,18.58,16.581,31046.0,18.988,40938.0,67222.0
2026-05-01,,,,16556.0,35.05,13.667,35083.0,32818.0,21.382999999999996,2.564571595814736,2265.0,1.0690170028642818,,,38261.0,39472.0,25.662,34515.0,,16.975,31254.0,19.269,43188.0,68188.0
2026-05-04,,,,,,,,,,,,,,,,,,,18.81,,,,,
2026-05-05,,,,18833.0,35.725,14.75,36339.0,38294.0,20.975,2.422033898305085,-1955.0,0.9489476158144879,,,42010.0,40415.0,26.2,35863.0,19.12,18.388,36936.0,20.056,45125.0,69754.0
2026-05-06,,,,20806.0,36.909,15.71,36027.0,40911.0,21.198999999999998,2.349395289624443,-4884.0,0.8806189044511256,,,46914.0,42764.0,27.115,35734.0,20.0,19.25,39477.0,20.844,47375.0,73589.0
2026-05-07,,,,21044.0,36.805,15.715,37723.0,42583.0,21.09,2.3420299077314666,-4860.0,0.885869948101355,,,47173.0,42655.0,27.12,37575.0,20.28,19.45,40335.0,21.138,49281.0,75306.0
2026-05-08,,,,20444.0,35.509,15.2,35912.0,40598.0,20.309,2.336118421052632,-4686.0,0.8845755948568895,,,44736.0,40334.0,26.43,36472.0,20.33,19.225,41193.0,20.975,49063.0,74278.0
2026-05-11,,,,20556.0,35.614,15.215,36001.0,40572.0,20.398999999999997,2.34071639829116,-4571.0,0.887336093857833,,,45055.0,40423.0,26.552,36680.0,20.33,19.488,41765.0,21.131,49219.0,74444.0
2026-05-12,,,,21028.0,35.736,15.175,35569.0,39784.0,20.560999999999996,2.35492586490939,-4215.0,0.8940528855821436,,,44955.0,40545.0,26.615,36200.0,20.28,20.006,43377.0,22.281,52925.0,77222.0
2026-05-13,,,,22333.0,37.127,15.89,37647.0,42862.0,21.237000000000002,2.3365009439899307,-5215.0,0.8783304558816667,,,48273.0,42560.0,27.335,37458.0,20.73,20.613,45913.0,22.881,54313.0,79667.0
2026-05-14,,,,22250.0,36.925,15.433,37010.0,40316.0,21.491999999999997,2.3926002721441066,-3306.0,0.9179978172437742,,,46840.0,42051.0,27.217,36918.0,21.0,20.581,46131.0,23.343,56938.0,79844.0
2026-05-15,,,,21712.0,36.8,15.01,37119.0,38459.0,21.79,2.451698867421719,-1340.0,0.9651577004082269,,,44455.0,41540.0,27.145,37070.0,20.67,20.221,45354.0,23.163,55988.0,78878.0
2026-05-18,,,,20917.0,36.605,14.79,36099.0,36784.0,21.814999999999998,2.4749830966869504,-685.0,0.9813777729447586,,,43060.0,40541.0,27.605,37678.0,20.58,19.831,43669.0,22.675,53719.0,76667.0
2026-05-19,,,,20528.0,36.45,14.94,34327.0,36283.0,21.510000000000005,2.4397590361445785,-1956.0,0.9460904555852603,,,43123.0,39852.0,27.506,36007.0,20.35,19.738,42541.0,22.394,52488.0,75139.0
2026-05-20,,,,20211.0,36.323,15.295,34472.0,38443.0,21.028,2.3748283752860413,-3971.0,0.8967042114299092,,,44459.0,39759.0,27.34,35949.0,20.6,19.606,42313.0,20.85,46875.0,73639.0
2026-05-21,,,,19689.0,36.15,15.265,34764.0,38839.0,20.884999999999998,2.3681624631509988,-4075.0,0.895079687942532,,,44368.0,39656.0,27.202,36192.0,20.48,19.513,42248.0,20.631,45719.0,72611.0
2026-05-22,,,,19972.0,36.241,15.625,36053.0,41642.0,20.616,2.319424,-5589.0,0.8657845444503146,,,46564.0,40293.0,27.3,37518.0,20.55,19.513,43465.0,20.713,46469.0,72750.0
2026-05-25,,,,,,,,,,,,,,,,,,,20.6,,,,,
2026-05-26,47105.0,43602.0,5194.0,20589.0,36.923,16.29,38075.0,45630.0,20.633000000000003,2.266605279312462,-7555.0,0.8344291036598729,0.8083006050313131,0.9686869759048933,49670.0,42164.0,27.598,38954.0,20.95,19.694,44081.0,21.388,48875.0,74200.0
2026-05-27,47817.0,44314.0,5272.0,20722.0,37.368,16.315,39549.0,46272.0,21.053,2.2904076003677596,-6723.0,0.8547069502074689,0.8270907836125228,0.9676893155154025,50068.0,43337.0,27.925,40391.0,,19.806,45263.0,21.7,50094.0,74833.0
2026-05-28,50041.0,46538.0,5517.0,21417.0,37.791,16.87,40624.0,49320.0,20.920999999999996,2.2401304090100767,-8696.0,0.8236820762368208,0.8118143122639435,0.9855918147119362,52518.0,44425.0,28.215,41387.0,21.18,20.356,48028.0,22.85,54938.0,77083.0
2026-05-29,49914.0,46411.0,5503.0,21528.0,37.723,16.41,41044.0,47445.0,21.313,2.2987812309567337,-6401.0,0.8650858889240173,0.8222943462755941,0.9505349200625075,51468.0,44414.0,28.215,41920.0,21.45,20.463,48964.0,23.106,56281.0,77306.0
2026-06-01,49849.0,46346.0,5496.0,21472.0,37.645,16.39,41008.0,47445.0,21.255000000000003,2.2968273337400857,-6437.0,0.8643271156075456,0.8226443860458585,0.9517743585628599,51482.0,44177.0,28.16,41889.0,,20.388,48962.0,23.156,56344.0,77200.0
2026-06-02,49511.0,46008.0,5459.0,21333.0,37.591,16.185,40703.0,46224.0,21.406000000000002,2.322582638245289,-5521.0,0.8805598823122187,0.8221001393629699,0.9336107127708994,50764.0,43923.0,28.145,41658.0,21.35,20.306,48229.0,23.013,56500.0,76972.0
2026-06-03,47641.0,44138.0,5253.0,20950.0,36.85,15.27,39119.0,41436.0,21.580000000000002,2.4132285527177473,-2317.0,0.944082440389999,0.821120463466342,0.8697550429252114,46420.0,42203.0,27.706,40382.0,21.07,20.113,47437.0,23.038,57563.0,76722.0
2026-06-04,45707.0,42204.0,5040.0,20294.0,36.632,14.535,38054.0,37125.0,22.096999999999998,2.5202614379084967,929.0,1.025023569023569,0.832563939877918,0.8122388255628241,43054.0,41701.0,27.47,39148.0,20.42,19.95,46523.0,22.356,54813.0,75633.0
2026-06-05,44374.0,40871.0,4893.0,19878.0,36.5,13.92,38110.0,34250.0,22.58,2.6221264367816093,3860.0,1.1127007299270073,0.8588362554649119,0.7718483796817956,40573.0,41274.0,27.305,39016.0,19.9,19.756,46171.0,21.888,53488.0,74778.0
2026-06-08,42798.0,39295.0,4719.0,19306.0,36.255,13.135,37665.0,30265.0,23.120000000000005,2.760182717929197,7400.0,1.244506856104411,0.8800644889948128,0.7071592130473386,37255.0,40901.0,27.032,38332.0,19.47,19.45,45289.0,21.556,52656.0,73778.0
2026-06-09,40274.0,36771.0,4441.0,18350.0,35.65,12.18,36587.0,25479.0,23.47,2.9269293924466337,11108.0,1.4359668746811098,0.9084521030938074,0.6326414063663902,32811.0,39971.0,26.65,37435.0,18.75,18.888,42970.0,20.881,50375.0,71583.0
2026-06-10,39007.0,35504.0,4301.0,17194.0,35.395,12.015,36676.0,25149.0,23.380000000000003,2.9459009571369124,11527.0,1.4583482444630005,0.9402414951162612,0.6447304329992053,31415.0,39998.0,26.416,37386.0,17.98,18.356,41523.0,19.913,47094.0,70389.0
2026-06-11,37551.0,34048.0,4140.0,17250.0,35.977,10.935,38778.0,20442.0,25.041999999999994,3.29007773205304,18336.0,1.8969768124449662,1.032675561236718,0.5443796436845889,26363.0,41393.0,26.62,38840.0,17.03,18.281,41639.0,19.688,45738.0,71667.0
2026-06-12,37251.0,33748.0,4107.0,16883.0,35.455,10.89,37627.0,20109.0,24.564999999999998,3.2557392102846645,17518.0,1.8711522203988264,1.0100936887600334,0.539824434243376,26004.0,40564.0,26.365,38051.0,16.65,18.119,41024.0,19.513,45250.0,72889.0
2026-06-15,36756.0,33253.0,4053.0,16028.0,34.509,10.76,37419.0,20884.0,23.749000000000002,3.2071561338289962,16535.0,1.7917544531698908,1.0180378713679399,0.5681793448688649,26168.0,39694.0,24.55,34846.0,16.2,17.513,40149.0,18.975,44144.0,72389.0
2026-06-16,35471.0,31968.0,3911.0,15100.0,32.609,10.71,35007.0,21794.0,21.899,3.044724556489262,13213.0,1.6062677801229697,0.9869188914888218,0.6144174114065011,26550.0,36994.0,23.425,33162.0,15.87,16.769,38079.0,18.056,41763.0,70222.0
2026-06-17,35162.0,31659.0,3877.0,13883.0,31.75,10.73,33665.0,22205.0,21.02,2.9589934762348555,11460.0,1.516099977482549,0.957425629941414,0.6315056026392127,27232.0,36186.0,23.095,32632.0,15.57,16.388,36727.0,17.856,41075.0,69500.0
2026-06-18,35731.0,32228.0,3940.0,13333.0,31.377,11.515,33481.0,26704.0,19.862,2.724880590534086,6777.0,1.2537822049131215,0.9370294702079427,0.7473622344742661,30745.0,35767.0,22.761,32281.0,15.58,16.075,36067.0,17.219,38500.0,68694.0
2026-06-19,37631.0,34128.0,4149.0,13483.0,31.718,12.44,34116.0,31406.0,19.278,2.54967845659164,2710.0,1.0862892440934853,0.9065929685631527,0.8345778746246446,35100.0,36327.0,22.928,32684.0,16.17,16.025,36069.0,17.275,39344.0,69417.0
2026-06-22,36947.0,33444.0,4074.0,13317.0,32.15,11.875,34377.0,27999.0,20.275,2.7073684210526316,6378.0,1.2277938497803493,0.9304409018323545,0.757815248870003,32959.0,36590.0,22.975,32238.0,16.28,16.131,36284.0,17.375,39206.0,69750.0
2026-06-23,36695.0,33192.0,4046.0,13183.0,32.361,11.66,33091.0,25423.0,20.700999999999997,2.7753859348198966,7668.0,1.3016166463438619,0.9017849843302902,0.692819185175092,32159.0,36809.0,22.945,30521.0,16.28,16.063,35806.0,17.613,39388.0,69450.0
2026-06-24,35825.0,32322.0,3950.0,12178.0,31.886,11.295,32706.0,24035.0,20.591,2.8230190349712263,8671.0,1.3607655502392344,0.9129378925331473,0.6709002093510119,30682.0,35928.0,22.635,30234.0,16.08,15.438,33428.0,17.638,39388.0,69394.0
2026-06-25,34708.0,31205.0,3827.0,11244.0,30.091,10.715,28759.0,20722.0,19.376,2.808306112925805,8037.0,1.3878486632564424,0.8285985939840959,0.5970381468249395,27868.0,32668.0,21.3,26319.0,15.78,14.831,31148.0,18.425,42313.0,72278.0
2026-06-26,33014.0,29511.0,3640.0,10472.0,28.332,10.235,25715.0,18642.0,18.097,2.768148510014656,7073.0,1.3794120802489003,0.7789119767371419,0.5646695341370328,25891.0,29677.0,20.345,24210.0,15.48,14.275,29150.0,18.194,41469.0,72028.0
2026-06-29,32091.0,28588.0,3538.0,9811.0,28.082,10.16,25142.0,18189.0,17.922,2.7639763779527557,6953.0,1.3822640057177416,0.7834595369418217,0.5667944283443956,25314.0,29200.0,20.2,23750.0,15.1,14.094,27760.0,17.588,38750.0,71139.0
2026-06-30,32181.0,28678.0,3548.0,9761.0,28.227,10.37,25508.0,19333.0,17.857,2.72198649951784,6175.0,1.3194020586561837,0.792641620832168,0.6007582113669556,26032.0,29462.0,20.23,23906.0,15.07,14.069,27971.0,17.438,38156.0,70083.0
2026-07-01,33484.0,29981.0,3692.0,10167.0,28.782,10.82,26685.0,21706.0,17.962,2.6600739371534194,4979.0,1.229383580576799,0.7969477959622506,0.6482499104049695,28091.0,30710.0,20.62,25014.0,15.28,14.25,28381.0,17.738,39313.0,70456.0
2026-07-02,35563.0,32060.0,3921.0,10656.0,29.673,11.585,29002.0,26102.0,18.087999999999997,2.5613293051359514,2900.0,1.1111025975021072,0.8155105024885415,0.7339650760621995,31713.0,32650.0,21.015,26593.0,15.83,14.406,29059.0,17.994,40288.0,71406.0
2026-07-03,37181.0,33678.0,4100.0,11133.0,30.114,12.245,30428.0,29962.0,17.869,2.459289505920784,466.0,1.0155530338428675,0.8183749764664748,0.8058416933379952,34678.0,34105.0,21.388,28113.0,16.43,14.581,29978.0,18.144,40738.0,72117.0
2026-07-06,39078.0,35575.0,4309.0,11889.0,31.614,12.77,34029.0,33198.0,18.844,2.4756460454189506,831.0,1.02503162841135,0.8707968678028558,0.849531705819131,37291.0,36799.0,22.17,30792.0,17.0,14.975,31563.0,18.356,41456.0,72978.0
