date,C5TC (182),C5TC,BCI,C16_182,C3,C5,C3-TCE,C5-TCE,C10_182,C14_182,C17,C17-TCE,C18_182,C2,C2-TCE,C7,C8_182,C9_182
2023-01-03,,,,,18.961,7.43,9847.0,8530.0,,,13.822,9509.0,,10.75,15688.0,11.906,,
2023-01-04,,,,,18.544,7.17,9963.0,7996.0,,,13.567,9738.0,,10.444,15153.0,11.628,,
2023-01-05,,,,,18.456,7.205,10738.0,8974.0,,,13.539,10575.0,,10.288,15425.0,11.45,,
2023-01-06,,,,,18.344,7.14,10112.0,8301.0,,,13.794,10859.0,,10.05,14144.0,11.489,,
2023-01-09,,,,,18.906,7.4,11497.0,9859.0,,,14.072,11859.0,,10.125,14344.0,11.611,,
2023-01-10,,,,,18.583,7.11,10988.0,8489.0,,,13.872,11454.0,,9.95,13591.0,11.511,,
2023-01-11,,,,,18.028,6.99,9804.0,7803.0,,,13.533,10474.0,,9.831,12983.0,11.272,,
2023-01-12,,,,,17.789,7.1,8641.0,7781.0,,,13.194,8914.0,,9.269,10188.0,10.889,,
2023-01-13,,,,,17.708,7.18,7731.0,7555.0,,,12.644,6740.0,,8.944,8285.0,10.728,,
2023-01-16,,,,,17.828,7.48,7424.0,8627.0,,,12.639,6205.0,,8.888,7668.0,10.761,,
2023-01-17,,,,,17.928,7.19,7513.0,7057.0,,,12.609,6021.0,,8.806,7355.0,10.633,,
2023-01-18,,,,,17.767,6.895,6692.0,5128.0,,,12.57,5434.0,,8.606,6381.0,10.35,,
2023-01-19,,,,,17.3,6.705,5523.0,3952.0,,,12.428,4822.0,,8.344,5002.0,9.828,,
2023-01-20,,,,,16.972,6.65,4807.0,3613.0,,,12.228,4227.0,,8.188,4718.0,9.528,,
2023-01-23,,,,,16.838,6.645,3940.0,3080.0,,,12.15,3442.0,,8.1,3763.0,9.383,,
2023-01-24,,,,,16.75,6.635,3223.0,2571.0,,,12.056,2672.0,,8.025,3078.0,9.233,,
2023-01-25,,,,,16.739,6.445,3172.0,1577.0,,,11.956,2379.0,,7.975,2971.0,9.128,,
2023-01-26,,,,,16.689,6.28,3103.0,761.0,,,11.917,2305.0,,7.888,2922.0,8.739,,
2023-01-27,,,,,16.883,6.3,3051.0,497.0,,,11.928,1916.0,,7.831,2380.0,8.567,,
2023-01-30,,,,,16.811,6.365,2978.0,886.0,,,11.889,1879.0,,7.881,2773.0,8.522,,
2023-01-31,,,,,16.75,6.36,3203.0,1152.0,,,11.839,2080.0,,7.819,2808.0,8.517,,
2023-02-01,,,,,16.622,6.33,3119.0,1141.0,,,11.744,1990.0,,7.369,1031.0,8.433,,
2023-02-02,,,,,16.193,6.39,2302.0,1472.0,,,11.594,1623.0,,7.094,-212.0,8.344,,
2023-02-03,,,,,16.06,6.375,3086.0,2278.0,,,11.589,2616.0,,6.969,-10.0,8.283,,
2023-02-06,,,,,16.0,6.315,3324.0,2272.0,,,11.511,2752.0,,6.813,-224.0,8.2,,
2023-02-07,,,,,16.417,6.26,4433.0,2233.0,,,11.617,3307.0,,6.788,175.0,8.2,,
2023-02-08,,,,,16.567,6.27,3998.0,1668.0,,,11.7,2824.0,,6.769,-622.0,8.239,,
2023-02-09,,,,,16.611,6.02,3700.0,69.0,,,11.889,2952.0,,6.756,-988.0,8.233,,
2023-02-10,,,,,16.683,6.2,3861.0,1003.0,,,11.911,3029.0,,6.788,-963.0,8.311,,
2023-02-13,,,,,16.683,6.325,3684.0,1490.0,,,11.967,3006.0,,6.869,-955.0,8.406,,
2023-02-14,,,,,16.428,6.305,3408.0,1580.0,,,11.906,3064.0,,6.806,-1162.0,7.578,,
2023-02-15,,,,,16.3,6.165,3432.0,1099.0,,,11.861,3211.0,,6.675,-1451.0,7.489,,
2023-02-16,,,,,16.172,6.077,3781.0,1159.0,,,11.772,3555.0,,6.563,-1451.0,7.411,,
2023-02-17,,,,,16.111,6.062,3671.0,1091.0,,,11.667,3287.0,,6.519,-1590.0,7.367,,
2023-02-20,,,,,16.05,6.115,4657.0,2293.0,,,11.589,4145.0,,6.5,-1045.0,7.378,,
2023-02-21,,,,,16.072,6.13,4651.0,2328.0,,,11.561,4023.0,,6.525,-996.0,7.417,,
2023-02-22,,,,,16.3,6.295,5674.0,3652.0,,,11.683,4896.0,,6.525,-792.0,7.644,,
2023-02-23,,,,,16.889,6.805,7547.0,6852.0,,,11.967,6330.0,,6.694,338.0,7.944,,
2023-02-24,,,,,17.067,6.825,7572.0,6679.0,,,12.033,6191.0,,6.806,505.0,8.122,,
2023-02-27,,,,,17.122,7.07,7533.0,7803.0,,,12.094,6209.0,,6.969,865.0,8.239,,
2023-02-28,,,,,17.144,7.073,7823.0,8026.0,,,12.106,6478.0,,7.113,1482.0,8.272,,
2023-03-01,,7703.0,929.0,,17.825,7.45,8544.0,9423.0,,,12.575,7118.0,,7.569,2829.0,8.622,,
2023-03-02,,8296.0,1000.0,,18.122,7.375,9130.0,9041.0,,,12.656,7332.0,,7.931,4262.0,8.789,,
2023-03-03,,9910.0,1195.0,,18.75,7.75,10202.0,10811.0,,,13.15,8475.0,,8.475,6130.0,9.383,,
2023-03-06,,11026.0,1329.0,,19.033,8.09,10829.0,12602.0,,,13.606,9746.0,,8.781,7214.0,9.678,,
2023-03-07,,12201.0,1471.0,,19.344,8.06,11522.0,12516.0,,,13.878,10540.0,,8.988,7792.0,10.333,,
2023-03-08,,12851.0,1550.0,,19.367,8.065,11794.0,12733.0,,,14.139,11447.0,,9.075,8478.0,10.761,,
2023-03-09,,13783.0,1662.0,,19.656,8.27,12730.0,14086.0,,,14.372,12414.0,,9.306,9849.0,11.133,,
2023-03-10,,14466.0,1744.0,,19.872,8.375,12978.0,14471.0,,,14.65,12977.0,,9.488,10397.0,11.306,,
2023-03-13,,15099.0,1821.0,,20.156,8.495,13756.0,15266.0,,,15.1,14374.0,,9.65,11213.0,11.506,,
2023-03-14,,17500.0,2110.0,,21.422,9.175,16471.0,18915.0,,,16.244,17604.0,,10.075,13210.0,12.067,,
2023-03-15,,17453.0,2104.0,,21.38,9.083,16537.0,18571.0,,,16.259,17786.0,,10.15,13982.0,12.056,,
2023-03-16,,16387.0,1976.0,,20.694,8.625,16783.0,17586.0,,,15.906,18392.0,,9.969,14805.0,11.511,,
2023-03-17,,15867.0,1913.0,,20.589,8.755,16131.0,17874.0,,,15.922,18007.0,,9.919,14237.0,11.05,,
2023-03-20,,16134.0,1945.0,,20.622,9.095,16187.0,19598.0,,,16.0,18203.0,,9.85,13942.0,10.75,,
2023-03-21,,15601.0,1881.0,,20.206,8.85,15692.0,18625.0,,,15.578,17402.0,,9.744,13782.0,10.572,,
2023-03-22,,14528.0,1752.0,,19.556,8.545,13945.0,16678.0,,,14.956,15314.0,,9.45,11940.0,10.139,,
2023-03-23,,15396.0,1856.0,,20.178,8.928,14866.0,18373.0,,,15.161,15561.0,,9.663,12417.0,10.3,,
2023-03-24,,15611.0,1882.0,,20.45,8.85,15284.0,17875.0,,,15.322,15872.0,,9.713,12481.0,10.4,,
2023-03-27,,14888.0,1795.0,,20.233,8.41,15478.0,16157.0,,,15.144,16000.0,,9.631,12688.0,10.267,,
2023-03-28,,13655.0,1646.0,,20.01,7.843,14683.0,12967.0,,,14.922,15072.0,,9.431,11382.0,10.044,,
2023-03-29,,13788.0,1662.0,,20.833,7.82,15981.0,12575.0,,,15.161,15390.0,,9.494,11137.0,10.028,,
2023-03-30,,13901.0,1676.0,,20.883,7.885,16158.0,12973.0,,,15.272,15759.0,,9.419,10861.0,10.017,,
2023-03-31,,13806.0,1665.0,,21.0,7.9,16162.0,12858.0,,,15.45,16010.0,,9.306,10167.0,9.761,,
2023-04-03,,,,,21.511,8.175,17042.0,14151.0,,,15.661,16444.0,,9.406,10467.0,9.783,,
2023-04-04,,,,,22.222,8.875,17270.0,16728.0,,,16.061,16370.0,,9.781,10892.0,10.017,,
2023-04-05,,,,,22.706,8.77,18787.0,16668.0,,,16.283,17498.0,,10.156,12741.0,10.383,,
2023-04-06,,,,,22.822,8.585,18868.0,15600.0,,,16.328,17474.0,,10.581,14554.0,11.217,,
2023-04-11,,,,,22.222,7.985,17378.0,12283.0,,,16.05,16446.0,,10.381,13862.0,11.089,,
2023-04-12,,,,,21.9,8.055,16397.0,12349.0,,,15.911,15746.0,,10.281,13403.0,10.722,,
2023-04-13,,,,,22.028,8.53,16472.0,14620.0,,,15.928,15620.0,,10.394,13600.0,10.728,,
2023-04-14,,,,,22.15,8.18,16722.0,12844.0,,,15.956,15704.0,,10.381,13549.0,10.744,,
2023-04-17,,,,,21.911,8.085,16379.0,12468.0,,,15.896,15669.0,,10.331,13480.0,10.522,,
2023-04-18,,,,,21.567,7.715,15898.0,10749.0,,,15.662,15241.0,,10.119,12920.0,10.272,,
2023-04-19,,,,,21.183,7.705,15091.0,10656.0,,,15.439,14605.0,,10.056,12686.0,10.178,,
2023-04-20,,,,,21.389,8.065,15873.0,12808.0,,,15.544,15243.0,,10.094,13236.0,10.661,,
2023-04-21,,,,,21.7,8.675,17336.0,16633.0,,,15.756,16619.0,,10.275,14677.0,11.044,,
2023-04-24,,,,,21.678,8.475,17006.0,15372.0,,,15.697,16188.0,,10.275,14643.0,11.353,,
2023-04-25,,,,,21.756,8.33,16785.0,14317.0,,,15.661,15732.0,,10.306,14490.0,11.422,,
2023-04-26,,,,,22.117,8.54,17872.0,15704.0,,,15.783,16415.0,,10.531,15762.0,11.661,,
2023-04-27,,,,,22.65,9.1,19033.0,18650.0,,,16.137,17454.0,,10.813,16987.0,11.894,,
2023-04-28,,,,,22.728,9.043,19641.0,18742.0,,,16.206,18073.0,,10.894,17762.0,11.972,,
2023-05-02,,,,,22.661,8.885,18955.0,17470.0,,,16.15,17393.0,,10.85,17204.0,11.978,,
2023-05-03,,,,,22.511,8.76,19341.0,17408.0,,,16.056,17800.0,,10.869,17934.0,12.394,,
2023-05-04,,,,,22.344,8.715,19861.0,17895.0,,,16.0,18469.0,,10.831,18539.0,12.383,,
2023-05-05,,,,,22.319,8.91,19851.0,18922.0,,,16.038,18607.0,,10.844,18667.0,12.472,,
2023-05-09,,,,,22.444,9.435,19080.0,20740.0,,,16.183,18012.0,,11.063,18368.0,12.706,,
2023-05-10,,,,,22.556,9.435,19934.0,21273.0,,,16.272,18855.0,,11.181,19275.0,13.317,,
2023-05-11,,,,,22.4,9.18,19408.0,19790.0,,,16.194,18440.0,,11.05,18458.0,13.356,,
2023-05-12,,,,,22.194,8.952,19279.0,18861.0,,,16.1,18458.0,,10.738,17395.0,13.15,,
2023-05-15,,19777.0,2385.0,,21.856,8.86,18799.0,18551.0,,,15.828,17920.0,,10.506,16774.0,12.922,,
2023-05-16,,19033.0,2295.0,,21.411,8.725,17773.0,17738.0,,,15.6,17175.0,,10.325,15908.0,12.683,,
2023-05-17,,18111.0,2184.0,,21.161,8.795,17102.0,17944.0,,,15.472,16667.0,,10.05,14845.0,12.156,,
2023-05-18,,17767.0,2142.0,,21.033,8.84,16188.0,17616.0,,,15.386,15803.0,,10.019,14300.0,11.867,,
2023-05-19,,17459.0,2105.0,,20.794,8.805,15775.0,17487.0,,,15.224,15433.0,,9.944,14045.0,11.783,,
2023-05-22,,17126.0,2065.0,,20.656,8.753,15513.0,17231.0,,,15.122,15173.0,,9.85,13789.0,11.689,,
2023-05-23,,16922.0,2040.0,,20.611,8.85,15612.0,17883.0,,,15.081,15245.0,,9.681,13195.0,11.461,,
2023-05-24,,16010.0,1930.0,,20.35,8.635,14899.0,16621.0,,,15.083,15060.0,,9.481,12290.0,10.961,,
2023-05-25,,14577.0,1758.0,,19.972,8.27,13926.0,14569.0,,,14.828,14169.0,,9.206,10884.0,10.594,,
2023-05-26,,13956.0,1683.0,,19.489,8.36,13556.0,15519.0,,,14.6,14127.0,,8.919,10192.0,10.444,,
2023-05-30,,13221.0,1594.0,,19.317,8.0,12999.0,13501.0,,,14.489,13625.0,,8.688,9184.0,10.313,,
2023-05-31,,10099.0,1218.0,,18.567,7.415,11905.0,10844.0,,,14.011,12733.0,,8.181,7625.0,8.65,,
2023-06-01,,9487.0,1144.0,,18.072,7.55,11254.0,11807.0,,,13.933,12840.0,,7.975,7036.0,8.263,,
2023-06-02,,9254.0,1116.0,,18.083,7.57,10960.0,11642.0,,,13.961,12610.0,,7.919,6431.0,8.088,,
2023-06-05,,9766.0,1178.0,,18.278,7.995,10999.0,13517.0,,,14.044,12497.0,,7.919,6116.0,8.025,,
2023-06-06,,11470.0,1383.0,,19.175,8.055,16397.0,12349.0,,,15.911,15746.0,,10.281,13403.0,10.722,,
2023-06-07,,11503.0,1387.0,,19.272,8.55,12555.0,16004.0,,,14.484,13270.0,,8.05,6241.0,8.413,,
2023-06-08,,12112.0,1460.0,,19.522,8.66,12801.0,16357.0,,,14.572,13265.0,,8.188,6572.0,8.588,,
2023-06-09,,12560.0,1514.0,,19.7,8.735,13488.0,17022.0,,,14.683,13881.0,,8.275,7108.0,8.631,,
2023-06-12,,12702.0,1532.0,,19.861,8.64,13776.0,16513.0,,,14.833,14248.0,,8.319,7252.0,8.681,,
2023-06-13,,13163.0,1587.0,,20.05,8.535,14870.0,16586.0,,,14.944,15234.0,,8.481,8540.0,8.881,,
2023-06-14,,13106.0,1580.0,,20.378,8.515,14955.0,16009.0,,,15.133,15192.0,,8.669,8806.0,8.844,,
2023-06-15,,13258.0,1599.0,,20.461,8.38,15089.0,15296.0,,,15.183,15296.0,,8.775,9301.0,8.944,,
2023-06-16,,,,,20.389,8.125,14611.0,13713.0,,,15.137,14852.0,,8.756,8914.0,8.919,,
2023-06-19,,,,,20.322,8.06,13965.0,12949.0,,,15.097,14252.0,,8.769,8682.0,8.938,,
2023-06-20,,,,,20.422,7.895,13787.0,11791.0,,,15.141,14008.0,,8.913,9184.0,9.288,,
2023-06-21,,,,,20.822,8.105,14853.0,13095.0,,,15.4,14957.0,,9.219,10856.0,10.113,,
2023-06-22,,,,,21.611,8.51,16015.0,14826.0,,,15.961,16059.0,,9.781,12549.0,10.95,,
2023-06-23,,,,,21.733,8.795,16838.0,16770.0,,,16.072,16912.0,,9.869,13504.0,11.169,,
2023-06-26,,,,,21.694,8.645,16998.0,16205.0,,,16.098,17209.0,,9.9,13772.0,11.238,,
2023-06-27,,,,,21.122,8.162,16047.0,13893.0,,,15.744,16445.0,,9.75,13264.0,10.85,,
2023-06-28,,,,,20.511,8.21,14940.0,14221.0,,,15.4,15631.0,,9.531,12402.0,10.3,,
2023-06-29,,,,,20.483,8.345,14757.0,14801.0,,,15.383,15463.0,,9.344,11598.0,9.788,,
2023-06-30,,,,,20.711,8.31,15236.0,14648.0,,,15.478,15742.0,,9.338,11686.0,9.419,,
2023-07-03,,,,,20.767,8.19,15169.0,13886.0,,,15.45,15498.0,,9.25,10998.0,9.281,,
2023-07-04,,,,,20.506,8.15,14733.0,13749.0,,,15.328,15251.0,,9.113,10417.0,9.125,,
2023-07-05,,,,,20.056,7.96,13825.0,12764.0,,,15.05,14498.0,,8.813,9165.0,8.856,,
2023-07-06,,,,,19.967,8.045,13916.0,13422.0,,,15.011,14652.0,,8.613,8397.0,8.881,,
2023-07-07,,,,,20.033,8.068,14570.0,13981.0,,,15.011,15155.0,,8.594,8730.0,9.063,,
2023-07-10,,,,,19.85,8.305,13745.0,14797.0,,,14.85,14284.0,,8.594,8274.0,9.169,,
2023-07-11,,,,,19.739,8.095,13625.0,13810.0,,,14.65,13851.0,,8.581,8136.0,9.419,,
2023-07-12,,,,,19.894,8.105,14019.0,13936.0,,,14.733,14155.0,,8.744,8725.0,10.063,,
2023-07-13,,,,,20.067,7.98,14282.0,13232.0,,,14.589,13699.0,,8.606,8167.0,10.319,,
2023-07-14,,,,,19.978,7.815,14037.0,12333.0,,,14.511,13427.0,,8.538,7585.0,10.288,,
2023-07-17,,,,,19.689,7.75,13773.0,12260.0,,,14.45,13560.0,,8.413,7422.0,10.175,,
2023-07-18,,,,,19.528,7.63,13584.0,11756.0,,,14.433,13638.0,,8.263,6874.0,9.913,,
2023-07-19,,,,,19.306,7.495,13136.0,11060.0,,,14.261,13175.0,,8.088,6171.0,9.838,,
2023-07-20,,,,,19.078,7.43,12676.0,10720.0,,,14.039,12579.0,,7.788,4693.0,9.394,,
2023-07-21,,,,,19.117,7.67,13010.0,12160.0,,,14.081,12937.0,,7.694,4634.0,9.369,,
2023-07-24,,,,,19.128,7.645,12705.0,11758.0,,,14.094,12658.0,,7.625,3931.0,9.356,,
2023-07-25,,,,,19.106,7.545,12178.0,10840.0,,,14.094,12193.0,,7.656,3564.0,9.475,,
2023-07-26,,,,,19.383,7.66,12517.0,11251.0,,,14.25,12405.0,,8.388,6467.0,11.006,,
2023-07-27,,,,,19.572,7.7,12485.0,11114.0,,,14.372,12338.0,,8.506,6657.0,11.469,,
2023-07-28,,,,,19.639,7.745,12380.0,11143.0,,,14.594,12696.0,,8.619,6884.0,11.706,,
2023-07-31,,15533.0,1873.0,,19.85,8.04,12728.0,12589.0,,,14.75,13042.0,,8.688,7033.0,11.806,,
2023-08-01,,15924.0,1920.0,,20.156,8.255,12808.0,13243.0,,,14.989,13169.0,,8.825,7103.0,11.838,,
2023-08-02,,14997.0,1808.0,,20.089,8.05,12686.0,12207.0,,,14.894,12928.0,,8.744,6731.0,11.631,,
2023-08-03,,14956.0,1803.0,,20.078,8.28,12397.0,13154.0,,,14.894,12672.0,,8.663,6358.0,11.6,,
2023-08-04,,15080.0,1818.0,,20.389,8.295,12714.0,12981.0,,,14.983,12622.0,,8.731,6154.0,11.594,,
2023-08-07,,15192.0,1832.0,,20.472,8.525,12651.0,13962.0,,,15.028,12522.0,,8.719,5863.0,11.594,,
2023-08-08,,14791.0,1783.0,,20.494,8.38,12951.0,13439.0,,,15.239,13326.0,,8.719,6088.0,11.531,,
2023-08-09,,14526.0,1752.0,,20.4,8.315,13013.0,13316.0,,,15.233,13548.0,,8.719,6363.0,11.406,,
2023-08-10,,13883.0,1674.0,,20.328,8.045,12199.0,11373.0,,,15.153,12691.0,,8.656,5433.0,11.35,,
2023-08-11,,13200.0,1592.0,,20.3,7.735,12164.0,9810.0,,,15.048,12433.0,,8.494,4765.0,11.269,,
2023-08-14,,13017.0,1570.0,,20.289,7.72,12162.0,9750.0,,,15.039,12428.0,,8.481,4777.0,11.263,,
2023-08-15,,13244.0,1597.0,,20.85,7.595,13269.0,9113.0,,,15.238,12953.0,,8.544,5113.0,11.319,,
2023-08-16,,14106.0,1701.0,,21.544,8.1,14905.0,11912.0,,,15.644,14282.0,,8.719,6187.0,11.394,,
2023-08-17,,13809.0,1665.0,,21.444,7.98,14727.0,11317.0,,,15.583,14140.0,,8.713,6331.0,11.275,,
2023-08-18,,13255.0,1598.0,,21.228,7.84,14301.0,10603.0,,,15.411,13686.0,,8.606,5900.0,11.031,,
2023-08-21,,12752.0,1538.0,,20.867,7.74,13509.0,10027.0,,,15.247,13177.0,,8.525,5536.0,10.9,,
2023-08-22,,12117.0,1461.0,,20.25,7.73,12233.0,9926.0,,,15.061,12628.0,,8.288,4551.0,10.656,,
2023-08-23,,11315.0,1364.0,,19.856,7.54,11821.0,9266.0,,,14.867,12468.0,,8.038,4023.0,10.388,,
2023-08-24,,10443.0,1259.0,,19.272,7.29,11093.0,8349.0,,,14.6,12171.0,,7.838,3518.0,10.169,,
2023-08-25,,9735.0,1174.0,,19.072,7.39,10629.0,8801.0,,,14.356,11460.0,,7.738,3016.0,9.738,,
2023-08-29,,9997.0,1205.0,,19.133,7.702,10266.0,9983.0,,,14.378,11053.0,,7.738,2651.0,9.663,,
2023-08-30,,,,,18.989,7.505,9883.0,8896.0,,,14.111,10253.0,,7.675,2353.0,9.356,,
2023-08-31,,,,,18.778,7.67,9684.0,9920.0,,,14.056,10317.0,,7.594,2375.0,9.069,,
2023-09-01,,,,,18.672,7.67,9524.0,9961.0,,,13.989,10187.0,,7.444,1696.0,8.756,,
2023-09-04,,,,,18.822,7.95,9060.0,10747.0,,,14.061,9646.0,,7.469,427.0,8.731,,
2023-09-05,,,,,18.939,7.79,9666.0,10248.0,,,14.1,10110.0,,7.119,37.0,8.569,,
2023-09-06,,,,,18.811,7.88,9028.0,10382.0,,,14.089,9711.0,,7.094,-513.0,8.744,,
2023-09-07,,,,,18.95,8.265,9352.0,12386.0,,,14.139,9890.0,,7.319,507.0,9.131,,
2023-09-08,,,,,19.483,8.262,10364.0,12338.0,,,14.267,10190.0,,7.488,1078.0,9.544,,
2023-09-11,,,,,19.683,8.3,10551.0,12357.0,,,14.389,10313.0,,7.55,1107.0,9.681,,
2023-09-12,,,,,19.822,8.255,10993.0,12269.0,,,14.439,10606.0,,7.594,1394.0,9.75,,
2023-09-13,,,,,20.067,8.36,10993.0,12396.0,,,14.589,10537.0,,7.738,1647.0,10.156,,
2023-09-14,,,,,20.206,8.56,11257.0,13407.0,,,14.711,10850.0,,8.031,2727.0,10.419,,
2023-09-15,,,,,20.472,8.85,11298.0,14477.0,,,14.8,10620.0,,8.338,3546.0,10.619,,
2023-09-18,,,,,20.867,9.2,12265.0,16419.0,,,15.0,11328.0,,8.638,4954.0,10.894,,
2023-09-19,,,,,21.633,9.645,13727.0,18646.0,,,15.386,12300.0,,9.138,6916.0,11.175,,
2023-09-20,,,,,22.383,9.47,15217.0,17762.0,,,15.761,13299.0,,9.469,8164.0,11.869,,
2023-09-21,,,,,22.117,9.015,14929.0,15643.0,,,16.25,14818.0,,9.438,8371.0,11.856,,
2023-09-22,,,,,22.372,9.495,15314.0,17990.0,,,16.394,15085.0,,9.538,8599.0,11.825,,
2023-09-25,,,,,22.556,9.69,15884.0,19159.0,,,16.5,15564.0,,9.644,9269.0,11.856,,
2023-09-26,,,,,23.967,10.22,18777.0,21952.0,,,17.261,17678.0,,10.038,11054.0,12.275,,
2023-09-27,,,,,24.128,10.35,18768.0,22340.0,,,17.517,18040.0,,11.225,15683.0,13.325,,
2023-09-28,,,,,23.338,9.915,16489.0,19514.0,,,17.288,16743.0,,11.775,17284.0,13.331,,
2023-09-29,,,,,23.331,9.87,16791.0,19551.0,,,17.256,16962.0,,11.794,17579.0,13.35,,
2023-10-02,,,,,23.7,10.43,17657.0,22522.0,,,17.488,17707.0,,12.074,18887.0,13.569,,
2023-10-03,,,,,24.256,10.755,18952.0,24346.0,,,17.825,18787.0,,12.544,21072.0,13.988,,
2023-10-04,,,,,24.322,10.555,19053.0,23301.0,,,17.933,19044.0,,12.656,21559.0,14.313,,
2023-10-05,,,,,24.767,10.655,20938.0,24660.0,,,18.244,20833.0,,12.856,23289.0,14.731,,
2023-10-06,,,,,26.378,11.158,24709.0,27724.0,,,19.383,24410.0,,13.556,26655.0,15.481,,
2023-10-09,,,,,26.644,11.295,25056.0,28272.0,,,19.756,25224.0,,13.825,27547.0,16.175,,
2023-10-10,,,,,26.178,11.005,23584.0,26328.0,,,19.567,24194.0,,13.694,26382.0,16.263,,
2023-10-11,,,,,25.783,10.5,22923.0,23854.0,,,19.433,23954.0,,13.794,26844.0,16.113,,
2023-10-12,,27185.0,3278.0,,25.589,10.445,22767.0,23765.0,,,19.376,24022.0,,13.7,26640.0,16.181,,
2023-10-13,,27591.0,3327.0,,25.733,10.41,22419.0,23053.0,,,19.339,23316.0,,13.681,26218.0,16.694,,
2023-10-16,,28348.0,3418.0,,25.911,10.67,22158.0,23862.0,,,19.5,23153.0,,13.863,26314.0,16.981,,
2023-10-17,,30348.0,3659.0,,26.444,11.03,22993.0,25514.0,,,19.867,23913.0,,14.244,27696.0,17.538,,
2023-10-18,,31089.0,3749.0,,26.811,11.22,23914.0,26649.0,,,19.994,24438.0,,14.513,29142.0,17.75,,
2023-10-19,,30130.0,3633.0,,26.4,10.78,22619.0,23998.0,,,19.894,23709.0,,14.381,28147.0,17.606,,
2023-10-20,,29493.0,3556.0,,25.772,10.7,21568.0,23749.0,,,19.683,23332.0,,14.281,27619.0,17.413,,
2023-10-23,,28805.0,3473.0,,25.317,10.655,20492.0,23370.0,,,19.083,21577.0,,14.119,26658.0,17.181,,
2023-10-24,,27169.0,3276.0,,24.633,10.36,19548.0,22207.0,,,18.472,20353.0,,13.85,26044.0,16.569,,
2023-10-25,,24386.0,2940.0,,23.778,9.745,18621.0,19714.0,,,17.978,19780.0,,13.406,25167.0,15.731,,
2023-10-26,,20446.0,2465.0,,22.806,8.92,16506.0,15342.0,,,17.322,17858.0,,11.95,19362.0,14.869,,
2023-10-27,,18461.0,2226.0,,21.428,8.545,13886.0,13514.0,,,16.433,15605.0,,11.375,17090.0,14.469,,
2023-10-30,,17344.0,2091.0,,20.806,8.49,12559.0,13150.0,,,15.944,14219.0,,11.05,15848.0,14.175,,
2023-10-31,,16750.0,2020.0,,20.839,8.475,12269.0,12774.0,,,15.917,13806.0,,11.025,15700.0,13.656,,
2023-11-01,,15751.0,1899.0,,20.539,8.175,11055.0,10720.0,,,15.428,11917.0,,10.85,14834.0,13.244,,
2023-11-02,,15613.0,1883.0,,20.156,8.025,10319.0,9972.0,,,15.244,11450.0,,10.725,14466.0,13.288,,
2023-11-03,,17690.0,2133.0,,20.833,8.57,11655.0,12750.0,,,15.6,12390.0,,10.781,14729.0,14.063,,
2023-11-06,,19234.0,2319.0,,21.311,9.48,12588.0,17380.0,,,15.95,13305.0,,11.119,16293.0,14.4,,
2023-11-07,,20126.0,2427.0,,21.333,9.895,12276.0,19196.0,,,15.956,12979.0,,11.206,16394.0,14.469,,
2023-11-08,,19222.0,2318.0,,21.05,9.37,12448.0,17136.0,,,15.778,13211.0,,11.094,16684.0,14.294,,
2023-11-09,,20618.0,2486.0,,21.583,9.89,13678.0,19937.0,,,16.067,14145.0,,11.238,17770.0,14.406,,
2023-11-10,,21473.0,2589.0,,21.989,9.995,14469.0,20463.0,,,16.322,14809.0,,11.406,18378.0,14.638,,
2023-11-13,,,,,22.017,9.99,14583.0,20488.0,,,16.328,14882.0,,11.513,18720.0,14.7,,
2023-11-14,,,,,21.911,9.95,13772.0,19776.0,,,16.344,14345.0,,11.488,18085.0,14.688,,
2023-11-15,,,,,21.928,10.365,13440.0,21583.0,,,16.422,14200.0,,11.456,17829.0,14.563,,
2023-11-16,,,,,22.506,10.67,15094.0,23571.0,,,16.778,15633.0,,11.475,18339.0,14.669,,
2023-11-17,,,,,22.589,10.22,15900.0,21818.0,,,16.794,16293.0,,11.525,19140.0,15.6,,
2023-11-20,,,,,22.278,9.965,14486.0,19844.0,,,16.622,15070.0,,11.45,18354.0,15.594,,
2023-11-21,,,,,21.789,9.67,12613.0,17574.0,,,16.461,13771.0,,11.263,16879.0,15.281,,
2023-11-22,,,,,21.572,9.16,12579.0,15308.0,,,16.267,13638.0,,11.113,16396.0,15.031,,
2023-11-23,,,,,23.833,9.675,17762.0,18541.0,,,17.156,16679.0,,11.519,18722.0,15.413,,
2023-11-24,,,,,26.433,11.015,22852.0,25338.0,,,18.978,21452.0,,12.894,24107.0,17.206,,
2023-11-27,,,,,26.972,11.78,23827.0,29162.0,,,19.96,23959.0,,14.213,29091.0,18.181,,
2023-11-28,,,,,26.956,11.195,24319.0,26622.0,,,20.056,24716.0,,15.038,32762.0,19.605,,
2023-11-29,,,,,29.028,12.28,28407.0,32152.0,,,21.328,28074.0,,16.581,38509.0,22.769,,
2023-11-30,,,,,31.628,13.05,33863.0,36352.0,,,22.861,32435.0,,18.063,44421.0,24.681,,
2023-12-01,,,,,34.444,13.105,39666.0,36840.0,,,25.622,39963.0,,20.688,56244.0,25.938,,
2023-12-04,,,,,35.022,13.745,40432.0,39786.0,,,26.239,41231.0,,21.375,58708.0,26.775,,
2023-12-05,,,,,32.167,12.745,35500.0,35280.0,,,24.239,36625.0,,20.438,55560.0,25.1,,
2023-12-06,,,,,29.417,11.74,30439.0,30466.0,,,22.161,31489.0,,19.188,50066.0,22.475,,
2023-12-07,,,,,27.561,10.45,27923.0,24856.0,,,20.817,29042.0,,16.094,38245.0,20.375,,
2023-12-08,,,,,28.361,11.47,29758.0,30272.0,,,21.167,30213.0,,16.194,38755.0,20.131,,
2023-12-11,,,,,28.583,12.925,30255.0,37738.0,,,21.478,31091.0,,16.225,38590.0,19.519,,
2023-12-12,,,,,28.417,14.465,30076.0,45713.0,,,21.617,31600.0,,16.5,39663.0,18.938,,
2023-12-13,,,,,26.889,13.69,27663.0,42271.0,,,20.922,30345.0,,15.919,38060.0,18.231,,
2023-12-14,,,,,24.861,14.885,23612.0,48597.0,,,19.55,26674.0,,15.363,35734.0,17.975,,
2023-12-15,,,,,24.506,14.885,22319.0,47914.0,,,19.294,25429.0,,15.181,34348.0,17.488,,
2023-12-18,,,,,24.389,14.295,22227.0,44930.0,,,19.15,25182.0,,15.056,33864.0,17.106,,
2023-12-19,,,,,24.061,13.67,20809.0,41095.0,,,18.894,23765.0,,14.813,32418.0,16.713,,
2023-12-20,,,,,23.861,12.495,20721.0,35363.0,,,18.744,23663.0,,14.613,31974.0,16.75,,
2023-12-21,,,,,23.856,11.64,20523.0,30847.0,,,18.578,23045.0,,14.363,30499.0,16.675,,
2023-12-22,,,,,24.989,11.185,22858.0,28611.0,,,18.872,23916.0,,14.656,31875.0,16.788,,
2024-01-02,,28896.0,3484.0,,28.306,10.56,29373.0,25400.0,,,20.217,27439.0,,14.786,32406.0,16.8,,
2024-01-03,,29599.0,3569.0,,29.417,10.08,31960.0,23287.0,,,20.678,29036.0,,14.886,33194.0,17.323,,
2024-01-04,,30282.0,3651.0,,29.489,9.7,31746.0,21050.0,,,20.628,28562.0,,14.929,32801.0,17.68,,
2024-01-05,,31497.0,3798.0,,29.397,9.975,32118.0,22918.0,,,20.55,28888.0,,15.086,33977.0,18.2,,
2024-01-08,,29851.0,3599.0,,27.044,9.57,27149.0,20579.0,,,19.456,25686.0,,14.886,32795.0,18.057,,
2024-01-09,,26941.0,3249.0,,25.25,8.565,24518.0,16222.0,,,18.622,24357.0,,13.464,27984.0,17.65,,
2024-01-10,,22362.0,2696.0,,23.972,8.35,21364.0,14594.0,,,17.967,22020.0,,12.286,22897.0,14.857,,
2024-01-11,,20105.0,2424.0,,22.689,8.195,19110.0,14037.0,,,17.283,20480.0,,11.457,19833.0,13.786,,
2024-01-12,,18015.0,2172.0,,22.011,7.965,17732.0,12831.0,,,16.739,19005.0,,10.836,17145.0,13.071,,
2024-01-15,,15589.0,1880.0,,20.844,7.82,15430.0,12092.0,,,15.228,15016.0,,10.264,14972.0,12.229,,
2024-01-16,,14753.0,1779.0,,19.872,7.815,13591.0,12133.0,,,14.867,14139.0,,10.057,14242.0,11.971,,
2024-01-17,,14375.0,1733.0,,19.556,7.8,12760.0,11882.0,,,14.717,13543.0,,9.95,13622.0,11.471,,
2024-01-18,,15365.0,1853.0,,21.383,8.14,16157.0,13440.0,,,15.25,14751.0,,9.75,12789.0,11.136,,
2024-01-19,,18608.0,2244.0,,23.833,8.77,20547.0,16276.0,,,16.356,17244.0,,10.179,14233.0,12.143,,
2024-01-22,,18842.0,2272.0,,22.794,8.32,18181.0,13716.0,,,16.333,16880.0,,10.136,13765.0,12.964,,
2024-01-23,,17412.0,2099.0,,21.461,7.79,15393.0,10881.0,,,15.756,15204.0,,9.886,12626.0,12.807,,
2024-01-24,,17787.0,2145.0,,21.061,8.155,14623.0,12758.0,,,15.628,14885.0,,9.507,11095.0,13.036,,
2024-01-25,,17298.0,2086.0,,20.783,7.925,13838.0,11386.0,,,15.506,14335.0,,9.207,9751.0,13.136,,
2024-01-26,,17708.0,2135.0,,21.311,7.87,14307.0,10623.0,,,15.689,14268.0,,9.714,11331.0,13.35,,
2024-01-29,,,,,21.311,7.67,13981.0,9329.0,,,15.639,13822.0,,9.636,11013.0,13.1,,
2024-01-30,,,,,20.906,7.485,12777.0,8044.0,,,15.444,12918.0,,9.529,10228.0,12.779,,
2024-01-31,,,,,21.722,7.965,14238.0,10366.0,,,15.839,13819.0,,9.679,10713.0,12.55,,
2024-02-01,,,,,22.15,8.415,15320.0,12859.0,,,16.156,14884.0,,9.521,10334.0,12.171,,
2024-02-02,,,,,22.15,8.475,15685.0,13473.0,,,16.2,15351.0,,9.5,10272.0,12.671,,
2024-02-05,,,,,22.605,8.755,17670.0,15817.0,,,16.467,17100.0,,9.614,11565.0,12.836,,
2024-02-06,,,,,24.125,9.22,20807.0,18304.0,,,17.272,19359.0,,10.143,13701.0,13.064,,
2024-02-07,,,,,23.425,8.69,19238.0,15444.0,,,16.961,18357.0,,10.079,13203.0,12.964,,
2024-02-08,,,,,23.49,8.235,19080.0,12883.0,,,16.978,18127.0,,10.179,13424.0,12.836,,
2024-02-09,,,,,24.111,9.46,19752.0,18661.0,,,17.35,18577.0,,10.443,14033.0,12.914,,
2024-02-12,,,,,24.667,9.625,20662.0,19344.0,,,17.494,18777.0,,10.543,14299.0,12.943,,
2024-02-13,,,,,24.575,9.57,20460.0,19047.0,,,17.517,18819.0,,10.629,14582.0,12.993,,
2024-02-14,,,,,24.275,9.26,19789.0,17400.0,,,17.389,18405.0,,10.364,13287.0,13.064,,
2024-02-15,,,,,24.245,9.05,19868.0,16446.0,,,17.317,18348.0,,10.236,13089.0,13.114,,
2024-02-16,,,,,24.195,9.7,19641.0,19651.0,,,17.35,18311.0,,10.229,12989.0,13.114,,
2024-02-19,,,,,24.125,9.755,19395.0,19840.0,,,17.228,17885.0,,10.2,12900.0,13.114,,
2024-02-20,,,,,23.92,9.485,19128.0,18580.0,,,17.061,17577.0,,10.129,12710.0,13.007,,
2024-02-21,,,,,24.66,9.645,20875.0,19637.0,,,17.411,18776.0,,10.3,13597.0,13.214,,
2024-02-22,,,,,25.65,10.39,22789.0,23401.0,,,18.028,20368.0,,10.764,15253.0,13.529,,
2024-02-23,,,,,26.18,11.205,23765.0,27497.0,,,18.561,21708.0,,11.486,18025.0,14.514,,
2024-02-26,,,,,26.35,10.95,24545.0,26572.0,,,18.75,22635.0,,11.629,19065.0,14.657,,
2024-02-27,,,,,26.26,11.085,24170.0,27094.0,,,18.75,22445.0,,12.236,21302.0,14.836,,
2024-02-28,,,,,27.465,12.16,26410.0,32457.0,,,19.517,24337.0,,13.536,26231.0,15.364,,
2024-02-29,,,,,27.895,12.77,27307.0,35608.0,,,19.978,25602.0,,13.693,27006.0,15.443,,
2024-03-01,,,,,28.767,13.645,29137.0,40159.0,,,21.013,28439.0,,13.993,28100.0,15.679,,
2024-03-04,,,,,29.655,14.675,30513.0,45093.0,,,22.033,30771.0,,14.129,28133.0,15.7,,
2024-03-05,,,,,29.575,14.46,30385.0,44022.0,,,22.178,31183.0,,14.043,27958.0,15.6,,
2024-03-06,,,,,28.955,12.9,29537.0,36387.0,,,21.8,30545.0,,13.707,26909.0,15.079,,
2024-03-07,,,,,30.105,13.745,31579.0,40502.0,,,22.228,31457.0,,13.836,27188.0,15.236,,
2024-03-08,,,,,31.26,14.4,33957.0,43924.0,,,22.9,33326.0,,14.279,29063.0,15.543,,
2024-03-11,,35780.0,4314.0,,31.63,14.535,35052.0,44921.0,,,23.167,34383.0,,14.414,29926.0,15.664,,
2024-03-12,,33939.0,4092.0,,30.865,13.125,33563.0,37750.0,,,22.739,33272.0,,14.207,28948.0,15.664,,
2024-03-13,,34737.0,4189.0,,31.7,12.945,35269.0,36883.0,,,23.122,34340.0,,14.286,29295.0,16.057,,
2024-03-14,,33521.0,4042.0,,31.115,12.325,33819.0,33473.0,,,22.811,33234.0,,14.264,28895.0,15.871,,
2024-03-15,,33332.0,4019.0,,30.98,12.24,33227.0,32764.0,,,22.7,32627.0,,14.3,28719.0,15.786,,
2024-03-18,,33911.0,4089.0,,30.995,12.805,33306.0,35686.0,,,22.856,33087.0,,14.379,29010.0,15.864,,
2024-03-19,,33093.0,3990.0,,30.655,13.075,32427.0,36887.0,,,22.714,32512.0,,14.221,28123.0,15.171,,
2024-03-20,,30601.0,3690.0,,29.965,11.975,31007.0,31230.0,,,22.417,31671.0,,13.714,26019.0,14.693,,
2024-03-21,,29752.0,3588.0,,29.01,12.155,29656.0,32598.0,,,21.95,30951.0,,13.264,24810.0,14.357,,
2024-03-22,,28875.0,3482.0,,28.535,12.171,28718.0,32679.0,,,21.572,29953.0,,13.007,23804.0,14.1,,
2024-03-25,,27325.0,3295.0,,27.95,11.32,27554.0,28333.0,,,21.056,28581.0,,12.75,22687.0,13.814,,
2024-03-26,,24580.0,2964.0,,26.65,10.195,24703.0,22357.0,,,20.217,26090.0,,12.307,20700.0,13.279,,
2024-03-27,,21875.0,2638.0,,25.695,9.515,22976.0,19024.0,,,19.494,24333.0,,11.914,19327.0,12.536,,
2024-03-28,,21866.0,2637.0,,25.375,10.14,22483.0,22327.0,,,19.361,24115.0,,11.9,19454.0,12.15,,
2024-04-02,,19852.0,2394.0,,23.69,9.64,18783.0,19462.0,,,18.311,20982.0,,11.436,17122.0,11.7,,
2024-04-03,,20215.0,2437.0,,23.9,9.905,18970.0,20621.0,,,18.244,20587.0,,11.443,16899.0,11.736,,
2024-04-04,,19522.0,2354.0,,24.05,9.6,19484.0,19249.0,,,18.239,20782.0,,11.314,16225.0,11.629,,
2024-04-05,,18857.0,2274.0,,24.305,9.215,20076.0,17362.0,,,18.244,20881.0,,11.236,16033.0,11.55,,
2024-04-08,,18226.0,2198.0,,24.35,8.955,19621.0,15579.0,,,18.156,20126.0,,11.107,14939.0,11.393,,
2024-04-09,,17854.0,2153.0,,24.125,8.915,19691.0,15808.0,,,18.0,20208.0,,10.979,14906.0,11.314,,
2024-04-10,,18266.0,2202.0,,24.95,8.99,21358.0,16223.0,,,18.244,20890.0,,10.964,14932.0,11.321,,
2024-04-11,,,,,25.65,10.355,22888.0,23306.0,,,18.717,22282.0,,11.321,16494.0,11.536,,
2024-04-12,,,,,25.865,10.76,23183.0,25262.0,,,18.983,22861.0,,11.079,15503.0,11.536,,
2024-04-15,,,,,25.745,10.57,22571.0,23977.0,,,18.9,22281.0,,11.05,15055.0,11.543,,
2024-04-16,,,,,26.41,10.915,24288.0,26077.0,,,19.333,23813.0,,11.114,15699.0,11.379,,
2024-04-17,,,,,26.86,11.66,24762.0,29525.0,,,19.511,23884.0,,11.114,15429.0,11.4,,
2024-04-18,,,,,27.255,11.735,25808.0,30132.0,,,19.778,24846.0,,11.207,16113.0,11.45,,
2024-04-19,,,,,27.04,11.875,25670.0,31087.0,,,19.6,24651.0,,11.179,16476.0,11.293,,
2024-04-22,,,,,26.43,11.275,24456.0,28021.0,,,19.361,24011.0,,10.914,15373.0,11.057,,
2024-04-23,,,,,25.91,10.835,23578.0,25903.0,,,19.178,23670.0,,10.521,13900.0,10.086,,
2024-04-24,,,,,25.69,10.45,22858.0,23699.0,,,19.078,23130.0,,10.45,13561.0,9.786,,
2024-04-25,,,,,25.28,10.13,22079.0,22093.0,,,18.878,22631.0,,10.279,12919.0,9.764,,
2024-04-26,,,,,25.13,9.915,21980.0,21163.0,,,18.878,22821.0,,10.164,12615.0,9.707,,
2024-04-29,,,,,24.992,9.58,21155.0,18989.0,,,18.911,22376.0,,10.057,11756.0,9.671,,
2024-04-30,,,,,25.145,9.965,21862.0,21293.0,,,19.033,23088.0,,9.979,11827.0,9.571,,
2024-05-01,,,,,25.15,10.006,22020.0,21627.0,,,19.3,23935.0,,9.95,11815.0,9.6,,
2024-05-02,,,,,25.76,10.445,23836.0,24381.0,,,19.65,25448.0,,10.15,13338.0,10.314,,
2024-05-03,,,,,26.665,10.7,25779.0,25814.0,,,20.106,26804.0,,10.657,15547.0,11.821,,
2024-05-07,,,,,27.505,11.65,27239.0,30490.0,,,20.817,28491.0,,11.371,18265.0,13.914,,
2024-05-08,,,,,27.76,11.86,27723.0,31544.0,,,21.144,29336.0,,11.679,19478.0,14.857,,
2024-05-09,,,,,27.344,11.8,26852.0,31196.0,,,21.025,28974.0,,11.629,19330.0,14.586,,
2024-05-10,,,,,27.05,11.715,26154.0,30663.0,,,20.761,28163.0,,11.507,18787.0,14.271,,
2024-05-13,,,,,26.175,11.225,24427.0,28165.0,,,20.3,26946.0,,11.193,17692.0,13.436,,
2024-05-14,,,,,25.21,11.07,22681.0,27509.0,,,19.767,25690.0,,10.9,16697.0,12.907,,
2024-05-15,,,,,24.828,10.665,22214.0,25686.0,,,18.369,22274.0,,10.579,15627.0,12.529,,
2024-05-16,,,,,24.78,10.135,22040.0,22918.0,,,18.211,21781.0,,10.443,15114.0,12.193,,
2024-05-17,,,,,25.094,10.656,22620.0,25540.0,,,18.356,22126.0,,10.236,14124.0,12.557,,
2024-05-20,,,,,25.333,10.511,23042.0,24759.0,,,18.448,22322.0,,10.293,14308.0,12.914,,
2024-05-21,,,,,25.435,10.265,23155.0,23430.0,,,18.539,22476.0,,9.971,12961.0,12.836,,
2024-05-22,,,,,25.16,10.24,23106.0,23719.0,,,18.483,22803.0,,9.579,11690.0,12.636,,
2024-05-23,,,,,24.975,9.805,23176.0,21868.0,,,18.339,22841.0,,9.436,11441.0,12.786,,
2024-05-24,,21674.0,2613.0,,24.765,10.095,22939.0,23497.0,,,18.3,22909.0,,9.421,11605.0,12.793,,
2024-05-28,,21633.0,2608.0,,24.375,9.985,22081.0,22861.0,,,18.306,22839.0,,9.4,11166.0,12.743,,
2024-05-29,,22178.0,2674.0,,24.3,10.1,21676.0,23231.0,,,18.356,22724.0,,9.436,11061.0,13.0,,
2024-05-30,,22808.0,2750.0,,23.97,10.885,21054.0,27257.0,,,18.23,22420.0,,9.464,11217.0,12.729,,
2024-05-31,,23389.0,2820.0,,24.255,11.135,21696.0,28598.0,,,18.37,22866.0,,9.507,11470.0,12.793,,
2024-06-03,,23357.0,2816.0,,24.515,11.065,22525.0,28507.0,,,18.456,23397.0,,9.479,11678.0,12.807,,
2024-06-04,,23545.0,2839.0,,24.71,11.105,23413.0,29136.0,,,18.606,24277.0,,9.514,12366.0,12.786,,
2024-06-05,,24424.0,2945.0,,25.24,11.185,24726.0,29769.0,,,18.811,25075.0,,9.671,13327.0,12.879,,
2024-06-06,,24689.0,2977.0,,25.506,11.215,25389.0,30038.0,,,18.975,25640.0,,9.729,13614.0,12.879,,
2024-06-07,,24867.0,2998.0,,25.765,11.245,25485.0,29841.0,,,19.083,25527.0,,9.743,13235.0,12.843,,
2024-06-10,,24759.0,2985.0,,26.085,10.875,26245.0,28064.0,,,19.2,25959.0,,9.771,13396.0,12.829,,
2024-06-11,,23089.0,2784.0,,25.62,10.33,24922.0,24944.0,,,18.989,25013.0,,9.571,12145.0,12.357,,
2024-06-12,,22608.0,2726.0,,25.535,10.095,24587.0,23605.0,,,18.856,24500.0,,9.571,12040.0,12.143,,
2024-06-13,,24752.0,2985.0,,26.955,11.02,27359.0,28295.0,,,19.833,27051.0,,9.871,13142.0,12.364,,
2024-06-14,,24525.0,2957.0,,26.785,10.62,26954.0,26198.0,,,19.744,26750.0,,9.979,13386.0,12.421,,
2024-06-17,,24363.0,2938.0,,26.645,10.59,26579.0,25961.0,,,19.617,26320.0,,9.993,13468.0,12.393,,
2024-06-18,,24596.0,2966.0,,26.595,10.74,26214.0,26501.0,,,19.606,26034.0,,10.043,13466.0,12.35,,
2024-06-19,,24278.0,2927.0,,26.54,10.635,25730.0,25649.0,,,19.594,25642.0,,9.979,12915.0,12.286,,
2024-06-20,,25533.0,3079.0,,27.335,11.025,27309.0,27646.0,,,19.983,26678.0,,10.114,13393.0,12.314,,
2024-06-21,,26059.0,3142.0,,27.375,11.095,27407.0,28019.0,,,20.011,26771.0,,10.1,13393.0,12.671,,
2024-06-24,,25650.0,3093.0,,27.29,10.745,27091.0,26110.0,,,19.933,26423.0,,10.129,13540.0,12.629,,
2024-06-25,,,,,27.095,10.265,26588.0,23564.0,,,19.794,25942.0,,10.0,12862.0,12.543,,
2024-06-26,,,,,28.01,10.595,28285.0,25154.0,,,20.161,26807.0,,10.329,14145.0,12.95,,
2024-06-27,,,,,28.815,11.33,29972.0,28984.0,,,20.856,28737.0,,10.607,15395.0,13.357,,
2024-06-28,,,,,29.2,11.165,30396.0,27860.0,,,21.148,29185.0,,10.7,15408.0,13.679,,
2024-07-01,,,,,32.625,11.48,37282.0,29573.0,,,24.128,37176.0,,11.021,16824.0,14.164,,
2024-07-02,,,,,32.3,12.17,36285.0,32791.0,,,24.017,36542.0,,11.129,17001.0,14.357,,
2024-07-03,,,,,30.29,10.86,31924.0,25780.0,,,22.617,32465.0,,10.979,16056.0,14.343,,
2024-07-04,,,,,29.19,10.745,29981.0,25386.0,,,21.406,29486.0,,10.886,15839.0,14.414,,
2024-07-05,,,,,28.505,10.28,28313.0,22749.0,,,20.95,27978.0,,10.693,14865.0,14.264,,
2024-07-08,,,,,28.155,10.26,27534.0,22572.0,,,20.8,27497.0,,10.614,14512.0,14.136,,
2024-07-09,,,,,26.98,10.02,25650.0,21715.0,,,20.194,26314.0,,10.493,14491.0,13.943,,
2024-07-10,,,,,26.985,9.935,26095.0,21648.0,,,20.211,26777.0,,10.493,14881.0,14.514,,
2024-07-11,,,,,26.815,10.01,25739.0,22014.0,,,20.072,26391.0,,10.407,14556.0,14.307,,
2024-07-12,,,,,27.13,10.02,26440.0,22132.0,,,20.261,26966.0,,10.764,15961.0,14.593,,
2024-07-15,,,,,26.78,9.89,25572.0,21319.0,,,20.083,26325.0,,10.836,16042.0,14.514,,
2024-07-16,,,,,26.225,9.2,24714.0,18002.0,,,19.756,25690.0,,10.693,15708.0,14.414,,
2024-07-17,,,,,25.64,9.13,23875.0,17911.0,,,19.433,25141.0,,10.564,15504.0,14.014,,
2024-07-18,,,,,26.135,9.565,24605.0,19921.0,,,19.672,25534.0,,10.707,15795.0,13.957,,
2024-07-19,,,,,26.05,9.725,24418.0,20719.0,,,19.033,23828.0,,10.421,14646.0,13.7,,
2024-07-22,,,,,25.97,9.705,24438.0,20767.0,,,19.067,24089.0,,10.329,14477.0,13.636,,
2024-07-23,,,,,25.23,9.45,23461.0,19876.0,,,18.661,23482.0,,10.121,14079.0,13.4,,
2024-07-24,,,,,24.91,9.37,22899.0,19526.0,,,18.456,23007.0,,9.829,13029.0,13.314,,
2024-07-25,,,,,24.825,9.54,22494.0,20193.0,,,18.433,22719.0,,9.614,11915.0,12.579,,
2024-07-26,,,,,24.69,9.52,22110.0,19991.0,,,18.338,22354.0,,9.45,11263.0,12.321,,
2024-07-29,,,,,24.57,9.52,22159.0,20232.0,,,18.261,22426.0,,9.3,10997.0,12.193,,
2024-07-30,,,,,24.405,9.445,21745.0,19775.0,,,18.171,22103.0,,9.114,10242.0,11.921,,
2024-07-31,,,,,23.87,9.335,20906.0,19398.0,,,17.867,21509.0,,8.879,9617.0,11.471,,
2024-08-01,,,,,23.69,9.485,20087.0,19771.0,,,17.739,20725.0,,8.764,8818.0,10.979,,
2024-08-02,,,,,23.62,9.82,19860.0,21404.0,,,17.722,20595.0,,8.729,8583.0,10.871,,
2024-08-05,,,,,23.67,9.735,20719.0,21612.0,,,17.672,21194.0,,8.607,8946.0,10.879,,
2024-08-06,,,,,23.97,9.715,21479.0,21651.0,,,17.78,21640.0,,8.671,9393.0,10.936,,
2024-08-07,,20509.0,2473.0,,24.315,9.885,22071.0,22443.0,,,17.978,22078.0,,8.771,9702.0,10.971,,
2024-08-08,,20396.0,2459.0,,24.485,9.825,22090.0,21870.0,,,18.033,21919.0,,8.764,9350.0,10.873,,
2024-08-09,,20213.0,2437.0,,24.695,9.88,22465.0,22117.0,,,18.153,22198.0,,8.579,8503.0,10.764,,
2024-08-12,,20008.0,2413.0,,24.725,10.038,22287.0,22723.0,,,18.13,21909.0,,8.486,7969.0,10.471,,
2024-08-13,,20540.0,2477.0,,25.135,10.365,22760.0,24107.0,,,18.35,22167.0,,8.636,8157.0,10.5,,
2024-08-14,,21976.0,2650.0,,25.55,11.03,23826.0,27704.0,,,18.644,23181.0,,9.336,11052.0,10.65,,
2024-08-15,,21084.0,2542.0,,25.117,10.375,23120.0,24491.0,,,18.313,22449.0,,9.229,10797.0,10.629,,
2024-08-16,,21037.0,2537.0,,25.04,10.485,22800.0,24910.0,,,18.289,22225.0,,9.264,10660.0,10.557,,
2024-08-19,,21510.0,2594.0,,25.215,10.755,23471.0,26561.0,,,18.378,22773.0,,9.336,11339.0,10.6,,
2024-08-20,,22319.0,2691.0,,25.405,10.91,23807.0,27318.0,,,18.483,23012.0,,9.357,11489.0,10.771,,
2024-08-21,,23122.0,2788.0,,25.765,11.185,24675.0,28853.0,,,18.783,23956.0,,9.5,12439.0,10.921,,
2024-08-22,,23608.0,2847.0,,25.99,11.01,25050.0,27902.0,,,18.863,24101.0,,9.864,13870.0,11.293,,
2024-08-23,,23645.0,2851.0,,26.28,11.005,25237.0,27552.0,,,18.972,24018.0,,9.9,13897.0,11.236,,
2024-08-27,,22846.0,2755.0,,26.46,10.985,24516.0,26542.0,,,19.189,23556.0,,9.95,13190.0,10.85,,
2024-08-28,,23908.0,2883.0,,27.39,11.31,26301.0,28157.0,,,19.794,25106.0,,10.214,14373.0,11.043,,
2024-08-29,,25870.0,3119.0,,28.14,11.635,27949.0,29955.0,,,20.383,26823.0,,10.636,16300.0,11.829,,
2024-08-30,,25700.0,3099.0,,28.0,11.3,27989.0,28514.0,,,20.406,27188.0,,10.679,16379.0,11.921,,
2024-09-02,,26935.0,3248.0,5325.0,28.095,11.785,28463.0,31228.0,33375.0,30689.0,20.872,28693.0,,10.786,17169.0,12.207,23921.0,57571.0
2024-09-03,,27774.0,3349.0,5967.0,28.12,11.765,28374.0,31010.0,33269.0,30965.0,20.928,28708.0,,10.807,17250.0,12.507,25511.0,61144.0
2024-09-04,,26738.0,3224.0,5439.0,27.74,11.135,27940.0,28065.0,30502.0,30098.0,20.778,28616.0,,10.7,17188.0,12.414,25326.0,60519.0
2024-09-05,,27247.0,3285.0,5499.0,27.535,11.455,27555.0,29713.0,31889.0,30119.0,20.678,28371.0,,10.721,17418.0,12.693,26361.0,60356.0
2024-09-06,,27832.0,3356.0,5744.0,27.63,11.89,27436.0,31672.0,33926.0,30415.0,20.793,28380.0,,10.764,17449.0,12.721,26821.0,60400.0
2024-09-09,,,,6032.0,27.915,11.96,28819.0,32720.0,34569.0,31039.0,20.872,29377.0,,10.807,18349.0,12.729,27200.0,60981.0
2024-09-10,,,,5850.0,27.775,11.51,28740.0,30592.0,32973.0,30940.0,20.717,29158.0,,10.757,18401.0,12.593,26679.0,60394.0
2024-09-11,,,,6091.0,27.735,11.73,29293.0,32247.0,33498.0,31335.0,20.75,29852.0,,10.75,18810.0,12.557,26740.0,60494.0
2024-09-12,,,,5028.0,27.49,11.485,28849.0,31031.0,32671.0,30835.0,20.594,29478.0,,10.2,16567.0,11.95,24267.0,59506.0
2024-09-13,,,,4168.0,26.995,11.3,27438.0,29722.0,31578.0,29822.0,20.222,28078.0,,10.007,15332.0,11.464,22650.0,58138.0
2024-09-16,,,,4117.0,26.706,11.64,26957.0,31530.0,32814.0,29201.0,20.113,27876.0,,10.043,15543.0,11.357,22286.0,57488.0
2024-09-17,,,,4118.0,26.45,11.8,26461.0,32354.0,33838.0,28658.0,19.981,27537.0,,10.043,15619.0,11.336,22007.0,57163.0
2024-09-18,,,,4123.0,26.539,11.53,27071.0,31344.0,32851.0,28788.0,20.0,28005.0,,10.021,15525.0,11.229,21486.0,55600.0
2024-09-19,,,,5001.0,28.225,11.885,30487.0,33228.0,34548.0,32100.0,20.929,30543.0,,10.386,16993.0,11.836,23322.0,56906.0
2024-09-20,,,,4993.0,28.035,11.685,29697.0,31859.0,33949.0,31861.0,20.756,29688.0,,10.471,16899.0,12.0,23686.0,56606.0
2024-09-23,,,,5102.0,28.015,11.775,29075.0,31827.0,34506.0,31984.0,20.828,29318.0,,10.629,17240.0,12.064,24143.0,56975.0
2024-09-24,,,,5208.0,28.225,11.68,29539.0,31384.0,34064.0,32100.0,20.872,29481.0,,10.614,17131.0,12.264,24684.0,57444.0
2024-09-25,,,,5592.0,28.26,11.59,29450.0,30792.0,33700.0,32085.0,20.9,29403.0,,10.707,17251.0,12.464,25482.0,57775.0
2024-09-26,,,,7894.0,28.49,11.59,30032.0,30900.0,33741.0,32396.0,21.089,30026.0,,11.929,22153.0,13.95,31104.0,59938.0
2024-09-27,,,,8594.0,28.34,11.48,30408.0,30906.0,33245.0,32565.0,21.028,30510.0,,12.3,24125.0,14.486,34684.0,61988.0
2024-09-30,,,,8639.0,28.17,11.655,30181.0,31890.0,33350.0,32235.0,20.978,30483.0,,12.229,23976.0,14.236,33121.0,61550.0
2024-10-01,,,,8444.0,27.75,11.39,28770.0,30047.0,31803.0,31350.0,20.731,29271.0,,12.086,23255.0,13.964,31751.0,60725.0
2024-10-02,,,,8017.0,27.169,11.095,27811.0,28702.0,30284.0,30150.0,20.428,28651.0,,11.836,21759.0,13.779,30771.0,59869.0
2024-10-03,,,,7706.0,27.117,10.88,28024.0,27873.0,29156.0,29691.0,20.394,28865.0,,11.65,21173.0,13.429,29314.0,58575.0
2024-10-04,,,,7633.0,27.095,10.73,27280.0,26517.0,28806.0,29633.0,20.328,28017.0,,11.607,20184.0,13.371,28664.0,57975.0
2024-10-07,,,,7494.0,26.945,10.65,27260.0,26342.0,28414.0,29265.0,20.211,27973.0,,11.536,20125.0,13.136,28136.0,56106.0
2024-10-08,,,,6739.0,26.365,10.055,25523.0,22810.0,25914.0,28120.0,19.772,26245.0,,11.243,18608.0,12.95,27571.0,54544.0
2024-10-09,,,,6194.0,25.967,9.67,25380.0,21388.0,23895.0,27539.0,19.5,26144.0,,11.086,18606.0,12.45,25079.0,52125.0
2024-10-10,,,,6083.0,25.725,9.675,24794.0,21322.0,23900.0,27310.0,19.411,25804.0,,11.036,18565.0,12.35,24679.0,51813.0
2024-10-11,,,,6550.0,25.655,10.025,23954.0,22515.0,25182.0,27230.0,19.533,25452.0,,11.136,18394.0,12.786,25757.0,52531.0
2024-10-14,,,,6511.0,25.35,10.25,23056.0,23412.0,26314.0,26654.0,19.356,24700.0,,11.107,17779.0,13.064,26164.0,52563.0
2024-10-15,,,,6094.0,24.79,9.83,22524.0,21754.0,24722.0,25534.0,18.933,24134.0,,11.007,17866.0,13.143,26664.0,51800.0
2024-10-16,,,,5600.0,23.96,9.35,21449.0,19782.0,22702.0,24174.0,18.247,22864.0,,10.836,17515.0,12.714,25029.0,48594.0
2024-10-17,,,,4577.0,22.24,8.75,18105.0,16766.0,20164.0,21229.0,17.324,20474.0,,10.5,16231.0,12.314,23857.0,46656.0
2024-10-18,,,,4365.0,22.1,8.965,17799.0,17837.0,20908.0,21039.0,17.239,20221.0,,10.35,15607.0,11.964,22729.0,45225.0
2024-10-21,,18174.0,2191.0,3855.0,21.84,8.86,17592.0,17560.0,20315.0,20514.0,16.922,19679.0,,10.107,14979.0,11.736,21871.0,43700.0
2024-10-22,,16654.0,2008.0,2920.0,21.14,8.465,15856.0,15246.0,18409.0,18882.0,16.483,18178.0,,9.893,13833.0,11.371,20571.0,42231.0
2024-10-23,,15932.0,1921.0,2800.0,20.85,8.715,15234.0,16479.0,19190.0,18239.0,16.183,17338.0,,9.764,12984.0,10.886,18386.0,40006.0
2024-10-24,,15416.0,1859.0,2589.0,20.885,8.775,15046.0,16568.0,19368.0,18065.0,16.139,16975.0,,9.764,12815.0,10.543,17261.0,38044.0
2024-10-25,,15395.0,1856.0,2672.0,20.905,8.735,14809.0,16131.0,19427.0,18210.0,15.956,16226.0,,9.786,13039.0,10.479,17476.0,37656.0
2024-10-28,,14811.0,1786.0,2611.0,20.85,8.555,15066.0,15522.0,18832.0,18140.0,15.828,16239.0,,9.714,12861.0,9.943,16007.0,37425.0
2024-10-29,,15417.0,1859.0,2517.0,20.81,8.74,15807.0,17156.0,19614.0,18170.0,15.867,17130.0,,9.786,13642.0,10.093,16750.0,38275.0
2024-10-30,,15311.0,1846.0,2400.0,20.455,8.62,15423.0,16811.0,19068.0,17870.0,15.678,16935.0,,9.721,13420.0,10.079,16921.0,38575.0
2024-10-31,,15365.0,1853.0,2504.0,20.425,8.63,15136.0,16670.0,19068.0,17785.0,15.628,16585.0,,9.721,13798.0,10.157,16936.0,38575.0
2024-11-01,,15329.0,1848.0,2479.0,20.485,8.605,14889.0,16235.0,19014.0,17795.0,15.967,17129.0,,9.736,13865.0,10.214,16860.0,38200.0
2024-11-04,,15332.0,1849.0,2633.0,20.38,8.82,14257.0,16973.0,19538.0,17502.0,15.939,16646.0,,9.729,13275.0,10.243,16879.0,38106.0
2024-11-05,,16310.0,1967.0,2872.0,20.845,9.35,14483.0,19091.0,21941.0,18057.0,16.25,16803.0,,9.893,13581.0,10.3,17176.0,38619.0
2024-11-06,,17086.0,2060.0,3156.0,21.135,9.232,15559.0,18914.0,21877.0,18650.0,16.344,17535.0,,10.007,14308.0,10.664,18536.0,41328.0
2024-11-07,,17930.0,2162.0,3344.0,21.49,9.425,16467.0,20073.0,22830.0,19375.0,16.567,18323.0,,10.207,15142.0,10.893,19314.0,42553.0
2024-11-08,,19210.0,2316.0,3778.0,22.145,9.78,17908.0,22007.0,24273.0,20840.0,16.906,19361.0,,10.4,16205.0,11.329,21064.0,43478.0
2024-11-11,,20872.0,2517.0,4272.0,23.27,10.005,20414.0,23396.0,25545.0,23260.0,17.761,21894.0,,10.736,17772.0,11.843,23021.0,45300.0
2024-11-12,,22835.0,2753.0,5233.0,24.535,10.275,23236.0,25047.0,27377.0,25830.0,18.467,24071.0,,11.021,19042.0,12.45,25364.0,48000.0
2024-11-13,,22771.0,2746.0,4956.0,24.15,10.19,22852.0,24930.0,27134.0,25415.0,18.428,24329.0,,10.95,18735.0,12.521,26021.0,47988.0
2024-11-14,,24347.0,2936.0,5333.0,24.78,10.45,23541.0,25789.0,28006.0,26382.0,18.711,24545.0,,11.121,19123.0,13.286,28871.0,49750.0
2024-11-15,,26777.0,3229.0,5867.0,25.775,11.63,25969.0,32195.0,33427.0,28385.0,19.211,26311.0,,11.393,20450.0,13.621,30464.0,51200.0
2024-11-18,,26220.0,3162.0,5672.0,25.675,11.23,26038.0,30381.0,32434.0,28055.0,19.033,26097.0,,11.336,20425.0,13.45,29871.0,50313.0
2024-11-19,,23291.0,2808.0,4754.0,24.31,9.825,22871.0,22820.0,26864.0,25535.0,18.383,23925.0,,11.05,18807.0,12.95,27747.0,46831.0
2024-11-20,,23307.0,2810.0,4839.0,24.07,10.4,23028.0,26299.0,28345.0,25170.0,18.339,24421.0,,11.029,19157.0,12.871,27276.0,46169.0
2024-11-21,,22595.0,2724.0,4783.0,23.77,10.325,22197.0,25716.0,27864.0,24690.0,18.206,23841.0,,10.95,18686.0,12.607,25743.0,45394.0
2024-11-22,,,,4601.0,23.375,9.96,21247.0,23709.0,26388.0,23953.0,18.0,23133.0,,10.914,18569.0,12.471,25150.0,44419.0
2024-11-25,,,,4811.0,23.09,10.145,20574.0,24562.0,27100.0,23618.0,17.85,22632.0,,10.936,18538.0,12.329,24564.0,43906.0
2024-11-26,,,,4925.0,22.995,10.585,20476.0,26886.0,28827.0,23555.0,17.832,22670.0,,10.936,18304.0,12.929,26964.0,46494.0
2024-11-27,,,,4733.0,22.01,9.895,18299.0,23168.0,25986.0,21875.0,17.267,20955.0,,10.779,17515.0,12.514,25607.0,44881.0
2024-11-28,,,,4222.0,20.865,9.36,16530.0,20851.0,23768.0,19930.0,16.5,19401.0,,10.414,16553.0,11.621,22307.0,43588.0
2024-11-29,,,,3994.0,20.05,8.87,15432.0,18782.0,21259.0,18655.0,16.1,18837.0,,10.243,16288.0,11.443,21450.0,42406.0
2024-12-02,,,,3506.0,19.19,8.705,13781.0,17980.0,20009.0,16670.0,15.428,17106.0,,10.0,15337.0,11.121,20221.0,39613.0
2024-12-03,,,,3006.0,18.93,8.275,13583.0,16050.0,18191.0,15985.0,15.061,16439.0,,9.757,14625.0,10.821,18921.0,35913.0
2024-12-04,,,,2344.0,18.13,7.65,11318.0,12280.0,15995.0,14236.0,14.463,14199.0,,9.564,13435.0,10.6,18236.0,33900.0
2024-12-05,,,,2011.0,17.51,7.375,10388.0,11126.0,14482.0,12801.0,14.217,13834.0,,9.393,12831.0,10.6,18521.0,33631.0
2024-12-06,,,,1972.0,17.48,7.415,10240.0,11255.0,14518.0,12835.0,13.661,12276.0,,9.286,12639.0,10.529,18307.0,33694.0
2024-12-09,,,,1878.0,17.56,7.42,10685.0,11522.0,14473.0,13115.0,13.456,12010.0,,9.207,12306.0,10.471,18150.0,33788.0
2024-12-10,,,,1722.0,17.44,7.3,10837.0,11238.0,13645.0,12880.0,12.856,10796.0,,9.179,12157.0,10.436,18136.0,33913.0
2024-12-11,,,,1183.0,17.15,6.93,10131.0,8618.0,12186.0,12459.0,12.428,9536.0,,8.721,10024.0,10.086,16879.0,32088.0
2024-12-12,,,,495.0,16.205,6.795,8625.0,8240.0,11291.0,10930.0,11.956,8635.0,,8.443,8343.0,9.85,15521.0,30975.0
2024-12-13,,,,472.0,16.23,6.99,8165.0,8798.0,11741.0,10945.0,11.972,8188.0,,8.457,9171.0,9.857,15086.0,31075.0
2024-12-16,,,,671.0,16.78,7.34,8943.0,10322.0,13236.0,11895.0,12.2,8493.0,,8.521,9044.0,9.914,15157.0,31419.0
2024-12-17,,,,528.0,16.685,6.86,8982.0,8060.0,11691.0,11775.0,12.059,8338.0,,8.521,9250.0,9.879,15157.0,32406.0
2024-12-18,,,,195.0,16.464,6.505,8580.0,6273.0,10207.0,11194.0,11.922,8009.0,,8.414,9056.0,9.864,15136.0,32375.0
2024-12-19,,,,-222.0,16.615,6.245,8615.0,4714.0,8814.0,11449.0,11.917,7743.0,,8.164,7798.0,9.029,12493.0,31119.0
2024-12-20,,,,-199.0,16.95,6.385,9615.0,5723.0,9394.0,12006.0,11.876,7958.0,,8.186,8154.0,9.093,12779.0,30594.0
2024-12-23,,,,-403.0,16.98,6.42,9378.0,5645.0,9398.0,12081.0,11.806,7488.0,,8.157,8016.0,9.064,12636.0,31838.0
2024-12-24,,,,-392.0,17.015,6.54,9605.0,6396.0,9829.0,12076.0,11.861,7785.0,,8.214,8390.0,9.136,12821.0,32181.0
2025-01-02,,,,-109.0,18.035,6.73,11241.0,7039.0,10145.0,13955.0,12.567,9287.0,,8.524,9021.0,9.721,14093.0,32906.0
2025-01-03,,,,265.0,18.285,7.275,11733.0,9827.0,12305.0,14510.0,12.844,10019.0,,8.621,9407.0,10.021,15100.0,34206.0
2025-01-06,13772.0,10696.0,1290.0,61.0,17.64,6.84,9992.0,7197.0,11123.0,13500.0,12.506,8676.0,,8.471,8308.0,10.079,14979.0,33994.0
2025-01-07,13424.0,10102.0,1218.0,293.0,17.33,6.525,9379.0,5584.0,10441.0,13085.0,12.261,8028.0,,8.329,7745.0,9.921,15164.0,33494.0
2025-01-08,12514.0,9123.0,1100.0,93.0,17.08,6.21,8864.0,3954.0,9082.0,12600.0,11.972,7244.0,,8.179,7097.0,9.65,13829.0,32794.0
2025-01-09,12909.0,9653.0,1164.0,511.0,17.345,6.11,9507.0,3545.0,8650.0,13065.0,12.111,7726.0,,8.357,7916.0,10.071,15559.0,33744.0
2025-01-10,14766.0,12010.0,1448.0,1361.0,18.155,6.245,10763.0,3936.0,9395.0,14630.0,12.561,8584.0,,8.714,9224.0,11.557,21186.0,35775.0
2025-01-13,16226.0,13391.0,1615.0,2144.0,18.51,6.63,11069.0,5564.0,10564.0,15410.0,12.939,9204.0,,9.014,10106.0,11.929,22821.0,39881.0
2025-01-14,16069.0,13300.0,1604.0,2525.0,18.215,6.45,9872.0,4111.0,10095.0,14715.0,12.794,8230.0,,9.164,10314.0,12.15,23386.0,40269.0
2025-01-15,16064.0,13109.0,1581.0,2788.0,18.05,6.54,9734.0,4735.0,10323.0,14460.0,12.706,8178.0,,8.979,9534.0,12.057,22921.0,40394.0
2025-01-16,15252.0,12294.0,1482.0,1563.0,17.97,6.4,9070.0,3581.0,9873.0,14115.0,12.7,7677.0,,8.743,8058.0,11.757,21443.0,38844.0
2025-01-17,14783.0,11555.0,1393.0,1581.0,18.005,6.405,9625.0,4027.0,9791.0,14105.0,12.811,8437.0,,8.514,7694.0,11.236,19336.0,37856.0
2025-01-20,14231.0,11008.0,1327.0,1131.0,17.885,6.21,9080.0,2762.0,9186.0,13741.0,12.733,7935.0,,8.371,7265.0,11.014,18629.0,37156.0
2025-01-21,14076.0,10647.0,1284.0,1188.0,17.68,6.255,8586.0,2916.0,9223.0,13315.0,12.611,7527.0,,8.364,7217.0,10.921,18650.0,36588.0
2025-01-22,13775.0,10252.0,1236.0,1188.0,17.745,6.205,8982.0,2891.0,9105.0,13295.0,12.6,7755.0,,8.379,7280.0,10.814,17671.0,35725.0
2025-01-23,12598.0,8967.0,1081.0,6.0,17.48,5.95,8705.0,1800.0,7859.0,13025.0,12.472,7654.0,,8.15,6547.0,10.121,15186.0,34503.0
2025-01-24,11845.0,8156.0,983.0,-681.0,17.095,5.85,7934.0,1279.0,7373.0,12130.0,12.233,7012.0,,7.871,5630.0,9.879,14243.0,33444.0
2025-01-27,11556.0,7946.0,958.0,-788.0,17.056,5.79,7827.0,947.0,6910.0,12044.0,12.225,6962.0,,7.807,5321.0,9.821,13914.0,33106.0
2025-01-28,11376.0,7725.0,931.0,-1000.0,17.15,5.705,8369.0,820.0,6490.0,12372.0,12.294,7487.0,,7.779,5313.0,9.786,13731.0,32613.0
2025-01-29,11110.0,7267.0,876.0,-1513.0,17.222,5.72,8512.0,897.0,6495.0,12567.0,12.306,7519.0,,7.621,4647.0,9.693,13271.0,31144.0
2025-01-30,10932.0,6977.0,841.0,-2056.0,17.089,5.885,8219.0,1716.0,6885.0,12367.0,12.238,7310.0,,7.436,3728.0,9.486,12329.0,30706.0
2025-01-31,11425.0,7252.0,874.0,-1906.0,17.14,6.22,8399.0,3500.0,8073.0,12595.0,12.269,7469.0,,7.436,3976.0,9.429,12543.0,30463.0
2025-02-03,11411.0,7144.0,861.0,-2006.0,17.04,6.27,8191.0,3747.0,8340.0,12483.0,12.322,7599.0,,7.457,3866.0,9.271,12200.0,30338.0
2025-02-04,11313.0,6998.0,844.0,-3344.0,16.92,6.375,8023.0,4345.0,8905.0,12315.0,12.322,7666.0,,7.379,3767.0,8.907,11486.0,30500.0
2025-02-05,,,,-2769.0,16.895,6.705,7904.0,5974.0,10036.0,12320.0,12.289,7512.0,,7.179,2757.0,8.464,9243.0,30156.0
2025-02-06,,,,-3094.0,16.955,6.695,8399.0,6249.0,10067.0,12395.0,12.378,8109.0,,7.029,2453.0,8.464,9100.0,30156.0
2025-02-07,,,,-2969.0,17.16,6.71,8943.0,6446.0,10307.0,12928.0,12.407,8319.0,,7.029,2602.0,8.514,8979.0,30144.0
2025-02-10,,,,-3063.0,17.165,6.445,8795.0,4952.0,9614.0,12918.0,12.389,8119.0,,6.993,2378.0,8.45,9143.0,29938.0
2025-02-11,,,,-3238.0,17.07,6.36,8379.0,4319.0,9141.0,12820.0,12.306,7681.0,,6.979,2262.0,8.45,9107.0,29625.0
2025-02-12,,,,-3363.0,16.76,6.0,7400.0,2159.0,7964.0,12088.0,12.117,6828.0,,6.893,1643.0,8.436,8857.0,28956.0
2025-02-13,,,,-3425.0,16.685,6.045,7667.0,2749.0,7991.0,12005.0,12.089,7154.0,,6.907,1680.0,8.35,8864.0,29325.0
2025-02-14,,,,-3706.0,16.755,6.03,7994.0,2836.0,7982.0,12061.0,11.85,6702.0,,6.836,1781.0,8.3,8914.0,29744.0
2025-02-17,,,,-3825.0,16.8,6.015,8212.0,2870.0,7950.0,12160.0,11.828,6768.0,,6.821,1780.0,8.343,8957.0,29719.0
2025-02-18,,,,-3506.0,16.955,6.05,8488.0,3024.0,8232.0,12500.0,11.791,6641.0,,6.786,1656.0,8.407,9207.0,30013.0
2025-02-19,,,,-2750.0,17.25,6.385,9032.0,4705.0,9570.0,13258.0,11.944,7008.0,,6.964,1948.0,8.586,9864.0,31044.0
2025-02-20,,,,-2375.0,17.645,6.34,9824.0,4483.0,9720.0,14030.0,12.183,7650.0,,7.05,2303.0,8.671,10207.0,31388.0
2025-02-21,,,,-2075.0,18.2,6.485,10783.0,5105.0,10355.0,15145.0,12.444,8208.0,,7.157,2545.0,8.893,10500.0,31956.0
2025-02-24,,,,-2075.0,18.31,6.65,11565.0,6439.0,10979.0,15509.0,12.467,8811.0,,7.179,3039.0,8.843,10800.0,32300.0
2025-02-25,,,,-1438.0,18.66,7.185,12425.0,9323.0,12932.0,16365.0,12.8,9854.0,,7.386,4180.0,8.921,11171.0,32888.0
2025-02-26,,,,-1063.0,19.205,8.2,14236.0,15155.0,17095.0,17725.0,13.35,12015.0,,7.593,5458.0,9.243,12250.0,34775.0
2025-02-27,,,,-244.0,19.83,8.695,15770.0,17946.0,19556.0,19035.0,14.389,15050.0,,7.814,6602.0,9.486,13350.0,36431.0
2025-02-28,,,,1069.0,19.875,9.855,15641.0,23697.0,24900.0,19375.0,14.583,15355.0,,8.086,7517.0,9.714,14443.0,37763.0
2025-03-03,,,,2163.0,20.067,10.535,16110.0,27255.0,27558.0,19951.0,14.925,16346.0,,8.279,8399.0,9.957,15179.0,38588.0
2025-03-04,,,,2132.0,19.955,10.455,16225.0,27137.0,27464.0,19730.0,14.972,16794.0,,8.321,8867.0,9.786,15007.0,38213.0
2025-03-05,,,,2100.0,20.125,9.61,17284.0,23437.0,24695.0,20085.0,14.961,17459.0,,8.336,9496.0,9.679,14807.0,38556.0
2025-03-06,,,,2506.0,20.955,10.13,19302.0,26425.0,27077.0,21965.0,15.389,18954.0,,8.5,10381.0,9.979,15929.0,39494.0
2025-03-07,,,,3656.0,22.715,10.095,22684.0,26160.0,27741.0,25225.0,16.206,21021.0,,8.914,11918.0,11.186,20536.0,42131.0
2025-03-10,,,,4063.0,22.87,10.075,22793.0,25886.0,27868.0,25720.0,16.317,21125.0,,9.143,12613.0,11.236,20929.0,43225.0
2025-03-11,,,,4156.0,22.725,10.06,22595.0,25886.0,27848.0,25465.0,16.254,21044.0,,9.143,12888.0,11.271,20993.0,43350.0
2025-03-12,,,,5231.0,24.05,11.095,24988.0,30988.0,31664.0,27885.0,17.156,23212.0,,9.593,14485.0,11.736,22043.0,45006.0
2025-03-13,,,,5663.0,24.625,11.58,25918.0,33291.0,33645.0,29270.0,17.539,24026.0,,9.829,15219.0,11.893,22700.0,45819.0
2025-03-14,,,,5713.0,24.355,10.665,25621.0,28812.0,31189.0,28710.0,17.35,23754.0,,9.757,15095.0,11.893,23286.0,47513.0
2025-03-17,,,,5519.0,24.371,10.042,25742.0,25700.0,28045.0,28425.0,17.694,24751.0,,9.721,15144.0,11.886,23257.0,47900.0
2025-03-18,,,,5513.0,24.115,9.805,25097.0,24367.0,26814.0,28125.0,17.644,24485.0,,9.65,14374.0,11.864,23029.0,47819.0
2025-03-19,,,,5513.0,24.0,9.675,24830.0,23667.0,26155.0,27895.0,17.617,24376.0,,9.65,14583.0,11.836,22886.0,47181.0
2025-03-20,26139.0,22139.0,2670.0,5700.0,24.08,9.655,24959.0,23539.0,26077.0,27985.0,17.706,24583.0,,9.764,15011.0,11.821,22857.0,46994.0
2025-03-21,26073.0,22190.0,2676.0,5963.0,24.485,9.35,25482.0,21737.0,25123.0,28755.0,18.328,25962.0,,9.907,15407.0,11.936,23479.0,46588.0
2025-03-24,26204.0,22311.0,2690.0,6200.0,25.0,9.33,26491.0,21626.0,24855.0,29330.0,19.0,27732.0,,10.014,15781.0,11.971,23800.0,46619.0
2025-03-25,25712.0,21810.0,2630.0,6681.0,24.71,9.03,25749.0,19944.0,23736.0,28640.0,18.872,27231.0,,10.014,15743.0,11.936,23764.0,46756.0
2025-03-26,24959.0,21402.0,2581.0,7319.0,24.145,8.69,24701.0,18263.0,22223.0,27695.0,18.517,26358.0,,10.114,16171.0,12.057,23764.0,46219.0
2025-03-27,24497.0,20957.0,2527.0,7281.0,23.68,8.635,23583.0,17810.0,21786.0,26880.0,17.639,23844.0,,10.043,15733.0,12.051,23514.0,45719.0
2025-03-28,24048.0,20503.0,2472.0,7188.0,23.08,8.655,22377.0,17896.0,21673.0,25605.0,17.117,22443.0,,10.0,15566.0,11.979,23193.0,45469.0
2025-03-31,23958.0,20442.0,2465.0,7188.0,23.0,8.675,22367.0,18127.0,21627.0,25405.0,17.1,22541.0,,10.036,15900.0,11.971,23164.0,45313.0
2025-04-01,23816.0,20234.0,2440.0,7113.0,22.79,8.745,21407.0,18013.0,21745.0,25085.0,17.017,21797.0,,10.021,15212.0,11.914,22693.0,45125.0
2025-04-02,23972.0,20198.0,2435.0,6269.0,22.45,9.235,20566.0,20376.0,23421.0,24410.0,16.9,21326.0,,9.843,14555.0,11.643,21836.0,44906.0
2025-04-03,23532.0,19383.0,2337.0,5750.0,22.175,9.35,19923.0,20879.0,23855.0,23870.0,16.733,20789.0,,9.729,14038.0,11.193,20229.0,43694.0
2025-04-04,22321.0,18404.0,2219.0,5338.0,21.815,8.78,20488.0,19067.0,21655.0,23126.0,16.511,21429.0,,9.657,14925.0,10.979,19486.0,42961.0
2025-04-07,20244.0,16728.0,2017.0,4281.0,20.67,7.93,19105.0,15478.0,18432.0,21360.0,15.717,20174.0,,9.121,13775.0,10.6,18421.0,41238.0
2025-04-08,19320.0,15881.0,1915.0,3925.0,19.805,7.61,17512.0,13943.0,17105.0,20155.0,15.261,19082.0,,8.964,13390.0,10.429,18029.0,40800.0
2025-04-09,17727.0,14367.0,1732.0,3081.0,18.71,7.265,15317.0,12151.0,15482.0,18310.0,14.611,17332.0,,8.421,11287.0,9.879,16157.0,39375.0
2025-04-10,18337.0,14768.0,1781.0,2988.0,18.915,7.59,16593.0,14569.0,17201.0,18561.0,14.722,18464.0,,8.479,12236.0,9.836,15979.0,39250.0
2025-04-11,18588.0,14952.0,1803.0,3000.0,19.185,7.735,16533.0,14797.0,17850.0,19086.0,14.844,18216.0,,8.664,12342.0,9.771,15426.0,39044.0
2025-04-14,18834.0,15148.0,1827.0,3400.0,19.31,7.79,16454.0,14796.0,18027.0,19245.0,14.889,18021.0,,8.75,12330.0,9.836,15821.0,39325.0
2025-04-15,18234.0,14535.0,1753.0,3213.0,18.735,7.56,15326.0,13627.0,17241.0,18300.0,14.25,16339.0,,8.614,11836.0,9.786,15536.0,39138.0
2025-04-16,17263.0,13734.0,1656.0,1900.0,18.555,7.225,14891.0,11843.0,15759.0,17430.0,13.978,15543.0,,8.129,9979.0,9.664,15221.0,38950.0
2025-04-17,17309.0,13913.0,1678.0,1844.0,18.825,7.14,15376.0,11365.0,15327.0,17855.0,14.167,15995.0,,8.1,9777.0,9.75,15521.0,39375.0
2025-04-22,,,,1844.0,18.685,7.085,15129.0,11109.0,15105.0,17840.0,14.128,15921.0,,8.064,9715.0,9.743,15721.0,39469.0
2025-04-23,,,,2300.0,19.02,7.33,15247.0,11892.0,16068.0,18425.0,14.318,15900.0,,8.186,9678.0,9.857,16236.0,39900.0
2025-04-24,,,,2313.0,19.485,7.755,16582.0,14428.0,17659.0,19539.0,14.6,17046.0,,8.264,10377.0,10.15,17207.0,40556.0
2025-04-25,,,,2550.0,19.755,7.815,16780.0,14444.0,17991.0,20000.0,14.761,17149.0,,8.371,10512.0,10.25,17521.0,40994.0
2025-04-28,,,,2831.0,19.845,8.07,16730.0,15552.0,18909.0,20210.0,14.806,17049.0,,8.493,10803.0,10.779,19114.0,41288.0
2025-04-29,,,,2766.0,19.695,8.005,16730.0,15477.0,18943.0,20025.0,14.739,17157.0,,8.436,10989.0,10.714,19393.0,41244.0
2025-04-30,,,,2734.0,19.45,8.025,16622.0,15905.0,19091.0,19630.0,14.594,17135.0,,8.436,11222.0,10.6,19143.0,41256.0
2025-05-01,,,,2768.0,19.375,8.061,16949.0,16501.0,19349.0,19541.0,14.529,17420.0,,8.436,11645.0,11.121,20771.0,41971.0
2025-05-02,,,,2826.0,19.345,8.005,16840.0,16171.0,19146.0,19674.0,14.483,17251.0,,8.443,11508.0,11.314,21379.0,43013.0
2025-05-06,,,,2782.0,19.156,7.9,16258.0,15453.0,18646.0,19355.0,14.413,16865.0,,8.407,10728.0,11.243,21271.0,42250.0
2025-05-07,,,,2316.0,18.91,7.8,15306.0,14539.0,18187.0,18843.0,14.267,16032.0,,8.221,9333.0,10.957,19943.0,40781.0
2025-05-08,,,,2156.0,18.405,7.69,14327.0,13992.0,17682.0,17823.0,13.986,15307.0,,8.043,9070.0,10.079,16786.0,39031.0
2025-05-09,,,,1906.0,18.215,7.49,13456.0,12540.0,16998.0,17326.0,13.878,14545.0,,7.864,8466.0,9.957,16429.0,38813.0
2025-05-12,,,,2156.0,18.36,7.56,13862.0,13001.0,17293.0,17596.0,13.939,14821.0,,7.936,8729.0,10.021,16593.0,39000.0
2025-05-13,,,,2138.0,18.185,7.415,13169.0,11959.0,16544.0,17118.0,13.844,14236.0,,7.9,8282.0,9.886,16129.0,38931.0
2025-05-14,,,,1875.0,18.155,7.3,12466.0,10813.0,15673.0,16885.0,13.828,13575.0,,7.836,7413.0,9.879,16014.0,39531.0
2025-05-15,,,,2513.0,18.665,7.47,13594.0,11786.0,16591.0,17945.0,14.1,14409.0,,8.05,8504.0,10.257,17179.0,41706.0
2025-05-16,,,,3088.0,19.405,8.195,15246.0,15661.0,19305.0,19510.0,14.5,15649.0,,8.321,9807.0,11.326,20543.0,42556.0
2025-05-19,,,,2713.0,18.67,7.705,13921.0,13263.0,17473.0,18080.0,14.022,14507.0,,8.071,8681.0,11.071,20057.0,41525.0
2025-05-20,,,,2694.0,18.27,7.885,13110.0,14168.0,17864.0,17530.0,13.961,14327.0,,8.02,8479.0,11.027,19864.0,40838.0
2025-05-21,,,,2825.0,18.585,8.215,13861.0,15969.0,18927.0,17875.0,13.961,14451.0,,8.057,8706.0,10.85,19057.0,37656.0
2025-05-22,,,,2769.0,18.755,8.36,14237.0,16745.0,19845.0,18313.0,14.039,14695.0,,8.143,9035.0,10.851,19150.0,37356.0
2025-05-23,,,,2855.0,18.835,8.55,14574.0,17873.0,20659.0,18668.0,14.108,15049.0,,8.107,9006.0,10.829,18971.0,37369.0
2025-05-27,,,,2680.0,19.12,8.27,15157.0,16456.0,19579.0,19098.0,14.228,15386.0,,8.057,8839.0,10.357,17093.0,37181.0
2025-05-28,,,,2719.0,19.67,8.35,16602.0,17174.0,20173.0,19885.0,14.428,16258.0,,8.029,8970.0,10.336,17229.0,37713.0
2025-05-29,,,,3022.0,20.106,8.767,17118.0,19009.0,21580.0,20800.0,14.719,16695.0,,8.314,9884.0,10.909,19293.0,39307.0
2025-05-30,,,,3415.0,22.0,8.945,21329.0,20324.0,22636.0,24395.0,15.856,20152.0,,8.693,11848.0,11.587,21871.0,41150.0
2025-06-02,,,,3384.0,21.99,8.965,21725.0,20786.0,22998.0,24390.0,15.9,20668.0,,8.693,11467.0,11.601,22071.0,41213.0
2025-06-03,23478.0,19350.0,2333.0,3010.0,21.884,9.265,21110.0,21971.0,24274.0,24290.0,15.845,20132.0,,8.687,11000.0,11.61,22266.0,41551.0
2025-06-04,24806.0,20576.0,2481.0,3781.0,22.3,9.76,21537.0,24162.0,26364.0,25075.0,16.217,20736.0,,9.093,12445.0,11.914,23057.0,43031.0
2025-06-05,27885.0,23592.0,2845.0,5893.0,24.594,10.544,26352.0,28416.0,29865.0,29256.0,17.869,25376.0,,9.836,15708.0,12.493,25014.0,45036.0
2025-06-06,27760.0,23572.0,2842.0,6019.0,24.489,10.445,25906.0,27703.0,29470.0,29067.0,17.775,24898.0,,9.971,16026.0,12.643,25371.0,44969.0
2025-06-09,28336.0,24961.0,3010.0,6150.0,24.133,10.091,25063.0,25771.0,28155.0,28322.0,17.75,24699.0,,10.057,16372.0,14.271,31600.0,47143.0
2025-06-10,27729.0,24519.0,2956.0,5969.0,23.41,9.74,23663.0,23999.0,27009.0,26710.0,16.772,22139.0,,9.993,16157.0,14.536,32814.0,47438.0
2025-06-11,28783.0,25679.0,3096.0,6638.0,24.77,9.51,26155.0,22650.0,26127.0,29055.0,17.372,23537.0,,10.293,17085.0,14.993,34821.0,50575.0
2025-06-12,32590.0,29481.0,3555.0,8563.0,26.3,10.37,28894.0,26805.0,29605.0,31905.0,19.489,28864.0,,10.914,19408.0,16.443,40586.0,56750.0
2025-06-13,34113.0,30866.0,3722.0,9438.0,26.63,11.015,29389.0,29970.0,32145.0,32440.0,19.678,29212.0,,11.25,20781.0,16.9,41429.0,58863.0
2025-06-16,34109.0,30944.0,3731.0,9531.0,26.6,10.99,28666.0,29267.0,31895.0,32330.0,19.75,28765.0,,11.321,20425.0,17.057,41700.0,59331.0
2025-06-17,33139.0,30357.0,3660.0,9658.0,26.075,10.42,27677.0,26392.0,29364.0,30855.0,19.456,28034.0,,11.287,20278.0,17.194,42750.0,60225.0
2025-06-18,31079.0,28546.0,3442.0,9975.0,24.53,9.52,23977.0,21227.0,25791.0,27725.0,18.683,25370.0,,11.207,19508.0,17.414,43250.0,59094.0
2025-06-19,28282.0,25524.0,3078.0,9031.0,22.85,9.315,20872.0,20366.0,23727.0,23907.0,17.574,22644.0,,10.936,18551.0,16.221,38643.0,56606.0
2025-06-20,26862.0,23879.0,2879.0,8644.0,22.395,9.24,19625.0,19682.0,22745.0,22880.0,17.311,21614.0,,10.836,17534.0,15.34,35357.0,54374.0
2025-06-23,26390.0,23367.0,2818.0,8188.0,22.47,9.175,19962.0,19512.0,22330.0,22850.0,17.372,21957.0,,10.707,17303.0,15.097,34429.0,53394.0
2025-06-24,26311.0,23360.0,2817.0,8000.0,23.175,8.923,20832.0,17767.0,21473.0,24120.0,17.589,22026.0,,10.721,16952.0,14.936,34143.0,53150.0
2025-06-25,25509.0,22592.0,2724.0,7513.0,22.55,8.41,21704.0,16967.0,20159.0,23770.0,17.183,22979.0,,10.314,17308.0,14.636,33214.0,52713.0
2025-06-26,21847.0,19447.0,2345.0,6000.0,21.62,6.88,19667.0,8962.0,13841.0,22265.0,16.594,21230.0,,9.836,15204.0,13.864,30643.0,48719.0
2025-06-27,20748.0,18408.0,2220.0,5250.0,20.935,6.67,18332.0,7904.0,12714.0,21020.0,16.15,20074.0,,9.457,13644.0,13.55,29607.0,47569.0
2025-06-30,20020.0,17510.0,2111.0,4719.0,19.985,6.905,16690.0,9313.0,13305.0,19239.0,15.783,19331.0,,9.157,12539.0,13.229,28321.0,45725.0
2025-07-01,19277.0,16677.0,2011.0,4206.0,19.415,6.945,15404.0,9381.0,13555.0,17905.0,15.417,18209.0,,8.986,11573.0,12.883,26529.0,44413.0
2025-07-02,18958.0,16242.0,1958.0,4438.0,18.77,7.06,14000.0,9858.0,13880.0,16841.0,15.0,16982.0,,8.936,11158.0,12.686,25536.0,44038.0
2025-07-03,18805.0,15705.0,1894.0,2281.0,18.75,7.385,13802.0,11385.0,15518.0,16739.0,13.978,14124.0,,8.693,9825.0,12.129,23321.0,43244.0
2025-07-04,18623.0,15382.0,1855.0,1475.0,18.672,7.44,13627.0,11649.0,16065.0,16844.0,13.911,13928.0,,8.456,8679.0,11.891,22179.0,42225.0
2025-07-07,,,,1163.0,18.605,7.565,13643.0,12418.0,16726.0,16628.0,13.889,14013.0,,8.386,8843.0,11.664,21450.0,40731.0
2025-07-08,,,,1675.0,18.445,7.515,13159.0,12016.0,16733.0,16424.0,13.711,13380.0,,8.186,7986.0,11.314,20057.0,38981.0
2025-07-09,,,,1925.0,18.425,7.315,12931.0,10829.0,15977.0,16349.0,13.617,12950.0,,8.143,7456.0,10.871,18300.0,37578.0
2025-07-10,,,,2213.0,18.82,7.535,13792.0,12024.0,16903.0,17011.0,13.814,13548.0,,8.193,7592.0,10.55,17121.0,37834.0
2025-07-11,,,,3313.0,19.985,8.22,16413.0,15806.0,19730.0,19195.0,14.672,16123.0,,8.929,10862.0,12.364,24500.0,40888.0
2025-07-14,,,,3575.0,20.4,8.138,16956.0,15146.0,20043.0,20179.0,15.044,16841.0,,9.291,11838.0,14.35,30529.0,43681.0
2025-07-15,,,,3888.0,20.995,8.42,18411.0,16830.0,21029.0,21238.0,15.356,17934.0,,9.471,12804.0,14.767,33270.0,44700.0
2025-07-16,,,,4538.0,21.455,8.795,19479.0,18887.0,22904.0,22620.0,15.619,18782.0,,9.7,12759.0,14.917,33627.0,45444.0
2025-07-17,,,,5688.0,22.714,9.745,22068.0,23836.0,27286.0,25310.0,16.58,21421.0,,10.364,15960.0,15.471,35229.0,52706.0
2025-07-18,,,,6100.0,23.045,9.62,22594.0,23085.0,26495.0,25820.0,16.939,22248.0,,10.85,18457.0,15.4,35586.0,54275.0
2025-07-21,,,,6131.0,22.93,9.51,22387.0,22539.0,26182.0,25535.0,16.911,22193.0,,10.857,17650.0,14.621,33743.0,53031.0
2025-07-22,,,,6938.0,23.115,9.565,22872.0,22923.0,26379.0,25959.0,17.167,22984.0,,11.35,19601.0,15.05,34336.0,53750.0
2025-07-23,,,,7688.0,23.88,10.05,24444.0,25458.0,28505.0,27435.0,17.639,24291.0,,11.757,21334.0,15.786,36579.0,58225.0
2025-07-24,,,,9250.0,24.7,10.575,26056.0,28137.0,30777.0,29304.0,18.25,25899.0,,12.164,23619.0,17.821,44757.0,61600.0
2025-07-25,,,,9638.0,24.745,10.285,26185.0,26687.0,29436.0,29344.0,18.258,25958.0,,12.243,24032.0,18.214,46200.0,64084.0
2025-07-28,,,,9013.0,24.585,10.25,25868.0,26508.0,29241.0,28975.0,18.119,25590.0,,12.143,23914.0,18.049,45293.0,63559.0
2025-07-29,,,,8006.0,24.005,9.952,24384.0,24690.0,27923.0,27705.0,17.789,24393.0,,11.8,22354.0,16.857,40393.0,59075.0
2025-07-30,,,,7038.0,23.415,9.775,23019.0,23613.0,27109.0,26055.0,17.328,22982.0,,11.414,20674.0,15.693,36021.0,54406.0
2025-07-31,,,,7363.0,23.805,10.295,23543.0,26061.0,28986.0,26910.0,17.594,23448.0,,11.507,20861.0,15.557,35450.0,54063.0
2025-08-01,,,,7813.0,24.185,10.67,24740.0,28367.0,30641.0,27815.0,17.839,24525.0,,11.664,21762.0,15.479,35071.0,54188.0
2025-08-04,,,,7594.0,23.915,9.915,24523.0,24775.0,27932.0,27000.0,17.711,24491.0,,11.6,22048.0,15.171,33929.0,53438.0
2025-08-05,,,,7156.0,23.665,9.6,23930.0,23077.0,26650.0,26660.0,17.456,23721.0,,11.393,21217.0,14.393,31250.0,52369.0
2025-08-06,,,,7688.0,24.135,10.37,25008.0,27148.0,29495.0,27490.0,17.739,24613.0,,11.629,22469.0,14.629,32271.0,53063.0
2025-08-07,,,,7775.0,24.075,9.985,24998.0,25271.0,28355.0,27410.0,18.483,26687.0,,11.714,23067.0,14.871,33467.0,54119.0
2025-08-08,,,,8375.0,25.02,10.6,26877.0,28428.0,30936.0,29265.0,19.017,28110.0,,11.907,23898.0,14.879,33357.0,54050.0
2025-08-11,,,,8344.0,25.035,10.475,26976.0,27848.0,30418.0,29230.0,19.033,28219.0,,11.9,23840.0,14.871,33036.0,53856.0
2025-08-12,,,,8138.0,24.925,10.16,26897.0,26356.0,29445.0,29055.0,18.861,27897.0,,11.879,23910.0,14.814,32993.0,53363.0
2025-08-13,,,,8888.0,25.075,9.975,27392.0,25580.0,28964.0,29325.0,18.894,28175.0,,12.179,25152.0,14.814,33171.0,54719.0
2025-08-14,,,,9113.0,25.1,10.145,27679.0,26656.0,29659.0,29680.0,18.944,28535.0,,12.207,25536.0,14.75,32771.0,54719.0
2025-08-15,,,,9031.0,24.872,9.897,26981.0,25172.0,28475.0,29228.0,18.806,27932.0,,12.171,25186.0,15.029,33900.0,54094.0
2025-08-18,29505.0,26638.0,3212.0,8813.0,24.51,9.767,26324.0,24558.0,27773.0,28501.0,18.324,26713.0,,12.079,24932.0,14.829,32700.0,53219.0
2025-08-19,27814.0,25072.0,3023.0,7881.0,24.0,9.195,25513.0,21801.0,24886.0,27423.0,17.911,25811.0,,11.843,24177.0,14.493,31207.0,52656.0
2025-08-20,26647.0,23778.0,2867.0,7188.0,23.475,9.04,24584.0,21101.0,23986.0,26510.0,17.489,24798.0,,11.55,23073.0,13.664,28921.0,51100.0
2025-08-21,25419.0,22418.0,2703.0,6612.0,23.269,8.75,24028.0,19488.0,22614.0,26075.0,17.338,24256.0,,11.3,21911.0,13.079,27071.0,48788.0
2025-08-22,26427.0,23160.0,2793.0,6912.0,23.44,9.395,24316.0,22748.0,25068.0,26630.0,17.422,24430.0,,11.334,21882.0,13.129,27250.0,48356.0
2025-08-26,29178.0,25140.0,3031.0,7663.0,24.72,10.72,26225.0,28991.0,30986.0,29020.0,18.183,25845.0,,11.8,23283.0,13.129,26857.0,48731.0
2025-08-27,28721.0,24786.0,2989.0,8125.0,24.71,10.325,26611.0,27320.0,29447.0,29011.0,18.111,26045.0,,11.886,21173.0,13.107,26779.0,49031.0
2025-08-28,27741.0,23918.0,2884.0,7531.0,24.435,10.025,25770.0,25527.0,28362.0,28326.0,17.939,25304.0,,11.7,23180.0,12.821,25832.0,47331.0
2025-08-29,28141.0,24257.0,2925.0,7844.0,24.48,10.2,26166.0,26689.0,29026.0,28691.0,18.222,26348.0,,11.864,23995.0,12.907,25869.0,47588.0
2025-09-01,28418.0,24455.0,2949.0,8894.0,24.465,10.265,26057.0,26953.0,29484.0,28601.0,18.456,26891.0,,12.114,24927.0,12.893,25836.0,47688.0
2025-09-02,27736.0,23836.0,2874.0,7850.0,24.265,10.11,25493.0,26014.0,28534.0,28297.0,18.339,26420.0,,11.807,23428.0,12.843,25329.0,47156.0
2025-09-03,26936.0,22994.0,2773.0,7500.0,23.695,9.952,24276.0,25128.0,27659.0,27285.0,18.011,25466.0,,11.636,22724.0,12.5,24414.0,46675.0
2025-09-04,27419.0,23355.0,2816.0,7469.0,23.655,10.11,24643.0,26323.0,28573.0,27300.0,17.967,25778.0,,11.614,22886.0,12.529,24621.0,47731.0
2025-09-05,27376.0,23513.0,2835.0,7381.0,23.57,9.99,24772.0,25965.0,28095.0,27135.0,17.9,25886.0,,11.493,22640.0,12.843,25579.0,47994.0
2025-09-08,28152.0,24150.0,2912.0,7581.0,23.675,10.36,25365.0,28194.0,29725.0,27412.0,18.0,26522.0,,11.586,23428.0,12.936,26143.0,48213.0
2025-09-09,29127.0,25017.0,3016.0,8244.0,24.06,10.51,25969.0,28825.0,30875.0,28455.0,18.209,26923.0,,11.721,23630.0,13.129,26943.0,49081.0
2025-09-10,29505.0,25465.0,3071.0,8431.0,24.09,10.59,26038.0,29243.0,31190.0,28605.0,18.261,27070.0,,11.793,23968.0,13.55,27993.0,49475.0
2025-09-11,29147.0,25218.0,3041.0,11050.0,23.71,10.295,25237.0,27690.0,29862.0,27761.0,18.006,26348.0,,12.321,26117.0,13.486,28086.0,49288.0
2025-09-12,29302.0,25457.0,3070.0,11225.0,23.59,10.245,25395.0,27777.0,29865.0,27775.0,17.961,26609.0,,12.379,26621.0,13.5,28479.0,49844.0
2025-09-15,30170.0,26156.0,3154.0,11450.0,23.78,10.62,25524.0,29482.0,31680.0,28245.0,18.233,27091.0,,12.486,26882.0,13.543,28764.0,50200.0
2025-09-16,30266.0,26443.0,3189.0,11544.0,23.94,10.4,25701.0,28236.0,30850.0,28480.0,18.294,27119.0,,12.514,27001.0,13.721,29500.0,51844.0
2025-09-17,31029.0,27366.0,3300.0,11694.0,24.03,10.585,25414.0,28780.0,31693.0,28550.0,18.35,26820.0,,12.636,27387.0,14.321,31543.0,52844.0
2025-09-18,,,,11938.0,24.52,10.955,26512.0,30786.0,33180.0,29470.0,18.644,27722.0,,12.779,28048.0,14.557,32414.0,53438.0
2025-09-19,,,,12013.0,24.77,10.94,27343.0,31001.0,33125.0,30055.0,18.767,28371.0,,12.886,28693.0,14.721,32771.0,53750.0
2025-09-22,,,,11981.0,24.845,10.775,27680.0,30319.0,32160.0,30270.0,18.772,28566.0,,12.739,28242.0,14.264,31057.0,53813.0
2025-09-23,,,,12113.0,25.015,10.77,28056.0,30328.0,32320.0,30720.0,18.891,28919.0,,12.914,28783.0,14.9,33300.0,54313.0
2025-09-24,,,,12363.0,25.75,10.815,29302.0,30378.0,32670.0,32043.0,19.333,29889.0,,13.143,29232.0,15.129,34179.0,55656.0
2025-09-25,,,,12469.0,25.985,11.0,29578.0,31162.0,33630.0,32655.0,19.511,30179.0,,13.243,29683.0,15.207,34650.0,56156.0
2025-09-26,,,,12563.0,25.935,10.9,29331.0,30522.0,33225.0,32465.0,19.472,29933.0,,13.286,29685.0,15.293,34736.0,56169.0
2025-09-29,,,,12275.0,25.755,10.575,28757.0,28669.0,31502.0,31950.0,19.353,29409.0,,13.079,28549.0,15.193,34107.0,55663.0
2025-09-30,,,,11238.0,24.74,10.095,27314.0,26700.0,29060.0,29865.0,18.75,28355.0,,12.564,27233.0,14.664,32014.0,53750.0
2025-10-01,,,,10044.0,23.725,9.07,25177.0,21341.0,24808.0,27790.0,17.944,26098.0,,12.014,25137.0,13.443,28000.0,49344.0
2025-10-02,,,,9400.0,23.52,8.91,24821.0,20565.0,23530.0,27462.0,17.767,25677.0,,11.9,24974.0,12.8,26171.0,47156.0
2025-10-03,,,,9450.0,23.533,8.975,25342.0,21326.0,23717.0,27489.0,17.825,26306.0,,11.814,24943.0,12.729,25993.0,47094.0
2025-10-06,,,,9863.0,23.872,9.295,25874.0,22844.0,24933.0,28433.0,17.919,26422.0,,11.9,25241.0,12.836,26743.0,48431.0
2025-10-07,,,,10063.0,23.967,9.46,25834.0,23492.0,25780.0,28856.0,18.0,26417.0,,12.007,25557.0,12.9,26629.0,48713.0
2025-10-08,,,,10125.0,24.05,9.5,26157.0,23834.0,25905.0,28828.0,17.986,26533.0,,12.057,25785.0,13.121,27250.0,49369.0
2025-10-09,,,,8269.0,23.55,9.39,25128.0,23236.0,25410.0,27644.0,17.686,25700.0,,11.25,22479.0,12.65,25579.0,48438.0
2025-10-10,,,,8337.0,23.56,9.625,25514.0,24757.0,26600.0,27752.0,17.738,26190.0,,11.171,22271.0,12.636,25436.0,47250.0
2025-10-13,,,,9638.0,25.2,12.15,29352.0,38465.0,38477.0,31750.0,18.831,29655.0,,11.557,24378.0,13.243,27493.0,49438.0
2025-10-14,,,,8938.0,23.709,10.305,26294.0,28658.0,31005.0,29200.0,17.822,26879.0,,11.256,22906.0,12.713,26050.0,48031.0
2025-10-15,,,,8639.0,23.295,10.165,25772.0,28199.0,30214.0,28505.0,17.561,26474.0,,11.094,22399.0,12.468,25119.0,46711.0
2025-10-16,,,,9278.0,24.213,10.555,27578.0,30187.0,31973.0,29964.0,18.172,28081.0,,11.281,23310.0,12.613,25919.0,47444.0
2025-10-17,,,,9683.0,24.523,10.485,28429.0,30034.0,31682.0,30786.0,18.383,28868.0,,11.344,23605.0,12.744,26525.0,48028.0
2025-10-20,,,,9872.0,24.518,10.48,28677.0,30232.0,31682.0,30727.0,18.356,29044.0,,11.394,23807.0,12.763,26625.0,48194.0
2025-10-21,,,,10083.0,24.605,10.69,28859.0,31316.0,32950.0,30873.0,18.428,29245.0,,11.431,23993.0,12.825,26806.0,48378.0
2025-10-22,,,,10000.0,24.309,10.75,28016.0,31400.0,33375.0,30159.0,18.28,28605.0,,11.306,23418.0,12.738,26263.0,48228.0
2025-10-23,,,,10064.0,23.659,10.405,26621.0,29539.0,32068.0,28827.0,17.889,27466.0,,11.313,22983.0,12.638,25894.0,47833.0
2025-10-24,,,,9661.0,22.845,9.705,24407.0,25432.0,28609.0,27305.0,17.372,25517.0,,11.238,22226.0,12.4,24825.0,46978.0
2025-10-27,,,,9500.0,22.764,9.625,24177.0,24963.0,28173.0,26977.0,17.328,25333.0,,11.163,21754.0,12.338,24581.0,46944.0
2025-10-28,,,,9383.0,22.477,9.347,23431.0,23385.0,26723.0,26182.0,17.189,24794.0,,11.1,21656.0,12.365,24456.0,47806.0
2025-10-29,,,,10050.0,22.773,9.325,24601.0,23778.0,26823.0,26895.0,17.289,25620.0,,11.244,22589.0,12.575,25369.0,48028.0
2025-10-30,,,,10278.0,23.377,9.515,25509.0,24502.0,27573.0,27909.0,17.817,26742.0,,11.406,22824.0,12.894,26669.0,49261.0
2025-10-31,27770.0,24288.0,2929.0,10194.0,23.314,9.28,25255.0,23188.0,26573.0,27732.0,17.794,26557.0,,11.394,22419.0,13.013,26931.0,49778.0
2025-11-03,27324.0,23955.0,2888.0,9972.0,23.014,9.12,24583.0,22300.0,25732.0,27214.0,17.606,25984.0,,11.325,22218.0,13.031,27000.0,49744.0
2025-11-04,27827.0,24444.0,2947.0,10028.0,22.991,9.485,24191.0,23869.0,26886.0,27208.0,17.648,25762.0,,11.331,22331.0,13.163,27363.0,50056.0
2025-11-05,29033.0,25573.0,3084.0,10389.0,23.168,10.085,24917.0,27266.0,29418.0,27627.0,17.811,26555.0,,11.469,23193.0,13.375,28400.0,50172.0
2025-11-06,30387.0,26888.0,3242.0,10978.0,23.432,10.55,25419.0,29630.0,31785.0,28277.0,17.972,26962.0,,11.669,23984.0,13.675,29639.0,51000.0
2025-11-07,30726.0,27709.0,3341.0,11739.0,23.418,10.365,25590.0,28854.0,30965.0,28137.0,17.993,27208.0,,12.106,25893.0,14.419,32838.0,51689.0
2025-11-10,30196.0,27063.0,3263.0,11394.0,23.305,10.32,25238.0,28512.0,30800.0,27810.0,17.908,26859.0,,12.0,25455.0,14.3,32313.0,49539.0
2025-11-11,29591.0,26469.0,3192.0,11072.0,23.123,10.245,24848.0,28103.0,30309.0,27123.0,17.818,26592.0,,11.906,25101.0,14.163,31688.0,48517.0
2025-11-12,27976.0,25067.0,3023.0,10656.0,22.727,9.5,23748.0,24014.0,27055.0,26270.0,17.62,25764.0,,11.725,24014.0,13.981,30794.0,47906.0
2025-11-13,29037.0,25980.0,3133.0,10856.0,22.777,10.035,24589.0,27396.0,29282.0,26409.0,17.68,26636.0,,11.819,24968.0,14.206,32004.0,48228.0
2025-11-14,30050.0,26968.0,3252.0,11217.0,23.505,10.295,25891.0,28607.0,30423.0,27927.0,17.98,27297.0,,12.113,26148.0,14.45,32831.0,48750.0
2025-11-17,30576.0,27597.0,3328.0,11406.0,23.605,10.315,25732.0,28401.0,30636.0,28209.0,18.075,27206.0,,12.275,26310.0,14.688,33944.0,50272.0
2025-11-18,32259.0,29160.0,3516.0,12006.0,24.377,10.785,27110.0,30679.0,32705.0,30050.0,18.495,28175.0,,12.631,27609.0,15.05,35406.0,51906.0
2025-11-19,33016.0,30154.0,3636.0,12439.0,24.727,10.785,27951.0,30807.0,32800.0,30841.0,18.715,28900.0,,12.906,28631.0,15.681,37863.0,52733.0
2025-11-20,33127.0,30244.0,3647.0,12681.0,24.72,10.785,28413.0,31219.0,32850.0,30752.0,18.689,29288.0,,13.064,29792.0,15.8,38429.0,52738.0
2025-11-21,32942.0,30292.0,3653.0,12722.0,24.632,10.48,28367.0,29769.0,31805.0,30423.0,18.627,29248.0,,13.113,30177.0,16.188,39413.0,53622.0
2025-11-24,33508.0,30685.0,3700.0,13072.0,24.741,10.695,29009.0,31238.0,32941.0,30677.0,18.675,29784.0,,13.25,31057.0,16.206,39538.0,53956.0
2025-11-25,33629.0,30938.0,3730.0,13372.0,24.745,10.595,28967.0,30683.0,32800.0,30893.0,18.675,29737.0,,13.488,32014.0,16.219,39863.0,54200.0
2025-11-26,35551.0,33160.0,3998.0,16383.0,24.691,10.96,29276.0,32912.0,34464.0,31159.0,18.775,30401.0,,14.125,34974.0,17.156,44181.0,56194.0
2025-11-27,37585.0,35133.0,4236.0,19356.0,24.523,11.605,32292.0,39875.0,37232.0,30988.0,19.655,36430.0,,15.088,41385.0,17.55,45906.0,60011.0
2025-11-28,39650.0,37158.0,4481.0,20084.0,25.091,11.89,29879.0,37867.0,38941.0,32226.0,19.955,33344.0,,15.625,41330.0,18.131,48025.0,66000.0
2025-12-01,40435.0,37840.0,4563.0,20361.0,25.282,12.075,33720.0,42318.0,40159.0,32800.0,20.175,37720.0,,16.025,44710.0,18.319,48416.0,66972.0
2025-12-02,,,,20494.0,25.436,12.21,30126.0,39172.0,41032.0,33032.0,20.25,33706.0,,16.144,43730.0,18.588,49456.0,67550.0
2025-12-03,,,,23656.0,25.868,12.605,31060.0,41518.0,43194.0,34091.0,20.675,34907.0,,17.731,50779.0,22.46,66238.0,74889.0
2025-12-04,,,,23622.0,25.718,12.075,30922.0,38686.0,40650.0,33836.0,21.465,37461.0,,17.738,51088.0,22.366,66350.0,75967.0
2025-12-05,,,,22433.0,25.059,12.02,29658.0,38420.0,40023.0,32723.0,20.965,36017.0,,17.275,49141.0,21.556,63319.0,70489.0
2025-12-08,,,,22150.0,24.823,12.115,29112.0,38867.0,40318.0,31995.0,19.58,32123.0,13.37,17.038,48021.0,21.306,61988.0,69667.0
2025-12-09,,,,20539.0,24.168,11.64,27578.0,35876.0,37973.0,30277.0,18.955,30240.0,13.34,16.419,45293.0,19.963,55625.0,65744.0
2025-12-10,,,,19567.0,22.764,10.855,25197.0,32143.0,34314.0,27541.0,18.14,28463.0,13.28,16.0,43720.0,19.156,52769.0,63561.0
2025-12-11,,,,18028.0,22.014,10.13,23714.0,28431.0,30609.0,26050.0,17.52,26822.0,13.22,15.288,40740.0,18.188,48525.0,60056.0
2025-12-12,,,,15846.0,21.886,10.49,23619.0,30412.0,32232.0,25977.0,17.41,26683.0,13.2,14.075,35449.0,16.675,42794.0,57722.0
2025-12-15,,,,15194.0,22.155,10.82,24151.0,32101.0,34018.0,26536.0,17.595,27173.0,13.19,13.631,33442.0,16.244,41581.0,57417.0
2025-12-16,,,,16333.0,24.995,10.525,29650.0,30488.0,32823.0,30505.0,18.66,29878.0,13.21,14.088,35599.0,16.444,42063.0,57844.0
2025-12-17,,,,16428.0,24.295,10.365,28542.0,29909.0,31614.0,29605.0,18.275,29125.0,13.17,14.3,36774.0,15.744,39538.0,56378.0
2025-12-18,,,,16267.0,24.073,10.5,28103.0,30600.0,32205.0,29791.0,18.15,28794.0,13.17,14.25,36788.0,15.438,38388.0,56033.0
2025-12-19,,,,16339.0,24.177,10.095,28388.0,28595.0,30800.0,29818.0,17.555,27295.0,13.17,14.313,36774.0,15.306,37806.0,55633.0
2025-12-22,,,,16172.0,24.214,9.795,28501.0,27093.0,29641.0,29850.0,17.515,27228.0,13.15,14.206,36543.0,15.131,37288.0,55111.0
2025-12-23,,,,15889.0,23.75,8.745,27662.0,21786.0,24705.0,28923.0,17.15,26338.0,13.07,13.663,33696.0,14.906,36369.0,54167.0
2025-12-24,,,,15933.0,23.618,8.915,27243.0,22519.0,25136.0,28755.0,17.08,26000.0,13.05,13.531,32902.0,14.769,35938.0,53833.0
2026-01-02,,,,14956.0,22.214,8.46,24307.0,20053.0,22623.0,26332.0,16.38,23995.0,12.97,13.356,31495.0,14.706,34469.0,53194.0
2026-01-05,,,,14672.0,21.936,8.3,23955.0,19405.0,21545.0,26014.0,16.255,23854.0,12.93,13.288,31514.0,14.719,34281.0,53056.0
2026-01-06,,,,14633.0,22.2,8.13,24398.0,18466.0,20582.0,26436.0,16.335,23990.0,12.91,13.306,31654.0,14.719,34050.0,52861.0
2026-01-07,,,,10567.0,21.723,7.99,23415.0,17715.0,19982.0,25482.0,15.885,22761.0,12.89,12.106,26682.0,14.513,32938.0,51778.0
2026-01-08,,,,8630.0,21.077,7.88,22296.0,17289.0,19336.0,24564.0,15.495,21881.0,12.87,11.631,24827.0,13.994,30325.0,49167.0
2026-01-09,,,,7496.0,20.823,7.855,21833.0,17195.0,19136.0,24050.0,15.343,21516.0,12.85,11.144,23028.0,13.338,28344.0,48389.0
2026-01-12,,,,6472.0,20.786,7.71,21562.0,16281.0,18523.0,23850.0,15.235,21040.0,12.84,10.906,21901.0,13.169,27219.0,48028.0
2026-01-13,,,,5561.0,20.327,7.515,20297.0,14974.0,17773.0,22932.0,15.005,20089.0,12.83,10.588,20534.0,12.75,25438.0,45722.0
2026-01-14,21063.0,17560.0,2322.0,4694.0,19.182,7.545,17874.0,14991.0,17895.0,20691.0,14.405,18348.0,12.79,10.231,18902.0,12.256,23813.0,43750.0
2026-01-15,19729.0,16226.0,2175.0,3389.0,19.259,7.225,17630.0,13009.0,16355.0,20632.0,14.17,17345.0,12.37,9.819,17022.0,11.675,21938.0,41056.0
2026-01-16,20173.0,16670.0,2224.0,3206.0,19.559,7.45,18184.0,14127.0,17000.0,21286.0,14.285,17612.0,11.64,9.669,16440.0,11.65,22344.0,41194.0
2026-01-19,21796.0,18293.0,2403.0,3433.0,20.277,8.11,19684.0,17575.0,19627.0,22609.0,14.515,18297.0,11.57,9.794,16932.0,12.344,24156.0,41778.0
2026-01-20,23307.0,19804.0,2570.0,3789.0,20.932,8.495,20940.0,19512.0,21586.0,23769.0,15.08,19754.0,11.74,10.144,18670.0,12.938,25344.0,44278.0
2026-01-21,24782.0,21279.0,2732.0,4472.0,21.95,8.625,22914.0,20143.0,22377.0,25761.0,15.664,21262.0,12.07,10.475,19999.0,13.569,27031.0,47167.0
2026-01-22,23479.0,19976.0,2589.0,4461.0,21.886,7.78,22906.0,15919.0,18836.0,25523.0,15.63,21286.0,12.15,10.431,19834.0,13.588,26875.0,47331.0
2026-01-23,23431.0,19928.0,2583.0,4378.0,21.777,7.855,22294.0,15960.0,19318.0,25377.0,15.595,20813.0,12.02,10.413,19647.0,13.431,26344.0,46611.0
2026-01-26,23817.0,20314.0,2626.0,4436.0,21.975,7.975,22686.0,16575.0,19798.0,25643.0,15.753,21231.0,12.04,10.5,19961.0,13.581,26906.0,47094.0
2026-01-27,29156.0,25653.0,3215.0,6672.0,23.95,9.175,26197.0,22376.0,24823.0,28918.0,17.09,24389.0,12.25,11.575,23965.0,16.206,37813.0,53861.0
2026-01-28,29106.0,25603.0,3209.0,6978.0,24.286,9.015,26742.0,21454.0,24264.0,29518.0,17.268,24746.0,12.68,11.7,24585.0,16.144,37063.0,54417.0
2026-01-29,28400.0,24897.0,3131.0,6806.0,24.245,8.835,26582.0,20463.0,23300.0,29036.0,17.22,24543.0,12.67,11.663,24379.0,15.981,35738.0,54194.0
2026-01-30,31809.0,28306.0,3507.0,8267.0,26.218,9.835,30089.0,25240.0,27927.0,32059.0,18.534,27640.0,12.98,12.406,26912.0,16.894,38938.0,57167.0
2026-02-02,31141.0,27638.0,3434.0,9378.0,25.868,9.345,29317.0,22663.0,26014.0,31872.0,18.23,26760.0,13.21,12.825,28341.0,16.606,38475.0,57000.0
2026-02-03,28791.0,25288.0,3175.0,8665.0,24.568,8.505,27419.0,18945.0,21991.0,29773.0,17.705,26017.0,12.84,12.681,28160.0,16.288,37444.0,55611.0
2026-02-04,27156.0,23653.0,2994.0,7689.0,23.727,8.345,25835.0,18195.0,20995.0,28041.0,17.325,25088.0,12.65,12.206,26340.0,15.444,34000.0,53889.0
2026-02-05,26766.0,23263.0,2951.0,7533.0,23.55,8.405,24930.0,18022.0,21014.0,27505.0,17.3,24488.0,12.55,12.081,25562.0,15.25,33188.0,52917.0
2026-02-06,26468.0,22965.0,2918.0,7444.0,23.195,8.435,23951.0,17935.0,21150.0,26727.0,17.16,23851.0,12.5,12.038,25083.0,15.188,32694.0,52394.0
2026-02-09,25692.0,22189.0,2833.0,7089.0,22.986,8.067,23616.0,16120.0,19705.0,26286.0,16.958,23393.0,12.45,11.944,24805.0,15.013,32113.0,52167.0
2026-02-10,25128.0,21625.0,2771.0,6950.0,22.35,7.944,22398.0,15524.0,18955.0,25041.0,16.49,22192.0,12.33,11.644,23608.0,15.139,32550.0,51861.0
2026-02-11,26432.0,22929.0,2914.0,6928.0,22.864,8.417,23494.0,18015.0,20850.0,26077.0,16.85,23221.0,12.42,11.581,23046.0,15.406,33281.0,54056.0
2026-02-12,29396.0,25893.0,3241.0,8056.0,24.209,9.378,25877.0,22695.0,25695.0,28705.0,17.662,25104.0,13.35,12.044,24877.0,15.944,35031.0,55722.0
2026-02-13,28849.0,25346.0,3181.0,8083.0,23.923,9.272,25232.0,22084.0,25000.0,28236.0,17.466,24509.0,13.4,11.9,24536.0,15.725,34344.0,55028.0
2026-02-16,,,,8112.0,23.86,9.517,25504.0,23681.0,25975.0,28115.0,17.494,24964.0,13.35,11.9,24679.0,15.644,34156.0,54806.0
2026-02-17,,,,8117.0,23.825,9.494,25474.0,23597.0,25935.0,28045.0,17.456,24901.0,,11.888,24438.0,15.531,33813.0,54333.0
2026-02-18,,,,8000.0,23.48,9.45,24396.0,23029.0,25780.0,27245.0,17.267,24020.0,,11.731,23652.0,15.131,31938.0,53000.0
2026-02-19,,,,7750.0,23.382,9.217,24241.0,21871.0,24586.0,26927.0,17.172,23807.0,13.17,11.644,23278.0,14.638,29313.0,52111.0
2026-02-20,,,,7894.0,23.855,9.367,24622.0,22158.0,25364.0,27655.0,17.39,23851.0,13.27,11.675,22969.0,14.6,29219.0,52111.0
2026-02-23,,,,8211.0,24.323,10.172,25271.0,26040.0,28532.0,28414.0,17.69,24378.0,13.46,11.725,23018.0,14.713,29481.0,52583.0
2026-02-24,,,,8122.0,24.423,10.174,25390.0,25981.0,28591.0,28559.0,17.685,24289.0,13.77,11.681,22728.0,14.588,29219.0,52344.0
2026-02-25,,,,8311.0,23.95,9.9,24454.0,24579.0,27545.0,27491.0,17.43,23614.0,13.82,11.575,22257.0,14.575,28969.0,51750.0
2026-02-26,,,,7856.0,23.468,9.828,23500.0,24210.0,27214.0,26505.0,17.17,22926.0,13.78,11.344,21404.0,14.219,27875.0,50861.0
2026-02-27,,,,7472.0,23.45,10.239,23386.0,26246.0,28568.0,26568.0,17.17,22850.0,13.82,11.113,20308.0,13.744,25906.0,50028.0
2026-03-02,,,,8022.0,23.975,10.489,24068.0,27217.0,29660.0,27255.0,17.628,23719.0,14.08,11.481,21596.0,13.9,25906.0,50639.0
2026-03-03,,,,8039.0,25.232,11.094,23821.0,27948.0,31386.0,28668.0,17.975,22011.0,14.73,11.794,20632.0,14.116,26113.0,50861.0
2026-03-04,,,,7717.0,25.955,11.322,23430.0,27538.0,31864.0,28455.0,18.525,21715.0,15.38,11.944,19696.0,13.563,23781.0,49972.0
2026-03-05,,,,7178.0,25.773,10.522,22238.0,22721.0,27636.0,27077.0,18.468,20765.0,15.58,11.869,18949.0,13.269,22750.0,48111.0
2026-03-06,,,,6656.0,25.75,9.611,20054.0,16205.0,21859.0,25593.0,18.43,18608.0,14.97,11.919,18805.0,13.069,20563.0,47139.0
2026-03-09,,,,6606.0,27.705,12.87,18653.0,28329.0,28614.0,25015.0,19.767,17083.0,15.27,12.556,19895.0,13.731,19938.0,45000.0
2026-03-10,,,,5950.0,27.964,11.305,11957.0,14075.0,22473.0,22470.0,20.119,11085.0,15.93,12.663,17383.0,13.538,19438.0,44389.0
2026-03-11,,,,7556.0,27.95,11.67,7533.0,10898.0,23459.0,22085.0,20.452,7741.0,16.33,13.469,20080.0,14.0,21313.0,43778.0
2026-03-12,,,,8028.0,29.005,12.46,11600.0,16658.0,25977.0,23140.0,21.348,12016.0,16.97,13.819,21327.0,14.35,22063.0,43889.0
2026-03-13,,,,8311.0,29.395,13.48,10946.0,20645.0,28850.0,23305.0,21.728,11651.0,17.73,14.019,19552.0,14.606,23156.0,45500.0
2026-03-16,,,,8183.0,29.795,13.475,11499.0,20414.0,29000.0,24175.0,22.0,12143.0,18.25,14.175,20675.0,14.906,24119.0,45667.0
2026-03-17,,,,7989.0,29.895,12.725,12014.0,16848.0,26582.0,24320.0,21.972,12373.0,18.25,14.481,22280.0,15.3,25969.0,47333.0
2026-03-18,,,,9256.0,30.509,12.365,15288.0,16789.0,26461.0,25705.0,22.189,14927.0,18.07,14.963,24291.0,15.613,26969.0,49500.0
2026-03-19,,,,9028.0,30.732,11.88,17591.0,15917.0,24718.0,26275.0,22.128,16555.0,18.05,15.181,24875.0,15.919,28250.0,50444.0
2026-03-20,,,,9111.0,30.65,11.71,16636.0,14361.0,24559.0,26125.0,22.039,15558.0,17.95,15.263,23983.0,15.938,28575.0,51111.0
2026-03-23,,,,8750.0,30.545,11.65,18211.0,15597.0,24232.0,26080.0,21.994,17153.0,17.17,15.138,23633.0,15.675,27781.0,50972.0
2026-03-24,,,,8606.0,30.1,11.255,18083.0,14227.0,23468.0,25605.0,21.833,17450.0,16.8,14.9,22812.0,14.906,25275.0,50500.0
2026-03-25,,,,8644.0,30.25,10.59,20954.0,13051.0,22291.0,27065.0,21.878,20044.0,15.78,14.875,24652.0,15.069,26625.0,54378.0
2026-03-26,,,,8761.0,30.559,10.6,24536.0,15675.0,22841.0,28600.0,21.983,23177.0,15.47,14.713,24942.0,14.744,25538.0,55233.0
2026-03-27,,,,8778.0,30.482,10.99,24542.0,17809.0,24541.0,28800.0,22.044,23491.0,15.32,14.581,24074.0,14.644,24881.0,55028.0
2026-03-30,27248.0,23745.0,3004.0,8706.0,30.205,10.98,23123.0,17003.0,24595.0,28345.0,21.947,22397.0,15.43,14.594,23399.0,14.35,24138.0,54756.0
2026-03-31,26724.0,23221.0,2947.0,8489.0,30.123,11.12,22208.0,17068.0,24655.0,28212.0,21.894,21533.0,15.37,14.406,23415.0,13.594,21625.0,53894.0
2026-04-01,27421.0,23918.0,3023.0,8522.0,30.141,11.55,22006.0,19064.0,26968.0,28534.0,21.889,21291.0,15.5,14.369,22852.0,13.469,21119.0,52922.0
2026-04-02,27991.0,24488.0,3086.0,8633.0,30.164,11.635,22487.0,19876.0,27515.0,28465.0,21.933,21827.0,15.88,14.419,24217.0,13.7,23094.0,53611.0
2026-04-06,,,,,,,,,,,,,15.98,,,,,
2026-04-07,28548.0,25045.0,3148.0,8678.0,30.455,12.01,22786.0,21556.0,28955.0,28786.0,22.115,22042.0,16.13,14.431,23076.0,13.825,22988.0,53472.0
2026-04-08,29205.0,25702.0,3220.0,8806.0,30.523,12.16,22999.0,22393.0,29850.0,29809.0,22.235,22436.0,16.21,14.413,22645.0,13.838,23563.0,53361.0
2026-04-09,29338.0,25835.0,3235.0,8694.0,30.114,11.929,24725.0,23405.0,29745.0,30009.0,22.005,24264.0,16.28,14.163,23928.0,13.781,23875.0,54056.0
2026-04-10,30088.0,26585.0,3318.0,8728.0,30.2,12.02,26242.0,25037.0,30306.0,30491.0,22.088,25778.0,16.35,14.175,24178.0,14.025,24375.0,56889.0
2026-04-13,31170.0,27667.0,3437.0,8811.0,30.455,12.39,27182.0,27309.0,32514.0,31173.0,22.225,26559.0,16.63,14.213,24834.0,14.269,25000.0,57167.0
2026-04-14,33295.0,29792.0,3671.0,9233.0,31.855,13.08,29634.0,30567.0,35473.0,33859.0,23.035,28399.0,16.98,14.431,24829.0,14.606,26438.0,58361.0
2026-04-15,35953.0,32450.0,3964.0,10111.0,32.441,13.53,31229.0,33248.0,37582.0,35568.0,23.613,30348.0,17.55,14.975,27280.0,16.025,32969.0,61583.0
2026-04-16,36515.0,33012.0,4026.0,10417.0,32.377,13.28,31934.0,32688.0,37077.0,35795.0,23.588,31081.0,17.87,15.119,28118.0,17.006,36756.0,62194.0
2026-04-17,37435.0,33932.0,4128.0,10856.0,32.673,13.595,33272.0,34953.0,38602.0,36623.0,23.79,32339.0,17.97,15.281,28677.0,17.144,37281.0,62556.0
2026-04-20,38999.0,35496.0,4300.0,11472.0,33.714,13.605,35530.0,35176.0,38977.0,38864.0,24.228,33689.0,18.2,15.65,30555.0,17.719,39438.0,66333.0
2026-04-21,38998.0,35495.0,4300.0,11444.0,33.395,13.515,36166.0,35812.0,38739.0,38505.0,24.078,34510.0,18.27,15.719,31531.0,18.1,40469.0,66500.0
2026-04-22,39505.0,36002.0,4356.0,11906.0,33.268,13.25,35796.0,34353.0,38309.0,38524.0,23.995,34176.0,18.26,15.875,32007.0,18.875,43094.0,68111.0
2026-04-23,39137.0,35634.0,4315.0,13494.0,33.218,12.995,35063.0,32498.0,37150.0,38057.0,24.02,33633.0,18.02,16.031,31658.0,18.869,42844.0,68056.0
2026-04-24,38836.0,35333.0,4282.0,13806.0,33.068,13.0,33658.0,31564.0,37034.0,37341.0,24.2,33044.0,17.94,16.019,31021.0,18.844,42438.0,67583.0
2026-04-27,38837.0,35334.0,4282.0,14217.0,33.032,13.03,33864.0,31957.0,36977.0,37091.0,24.195,33297.0,17.82,16.138,30811.0,18.994,42438.0,67839.0
2026-04-28,39039.0,35536.0,4304.0,14367.0,33.118,13.2,32608.0,31593.0,37477.0,37277.0,24.262,32104.0,18.23,16.088,29949.0,19.006,42413.0,67556.0
2026-04-29,38843.0,35340.0,4283.0,14344.0,33.173,13.24,32677.0,31763.0,37564.0,37173.0,24.243,32015.0,18.53,16.149,30021.0,18.963,41538.0,67028.0
2026-04-30,39244.0,35741.0,4327.0,14750.0,34.455,13.44,34619.0,32273.0,37873.0,38405.0,24.81,32945.0,18.58,16.581,31046.0,18.988,40938.0,67222.0
2026-05-01,,,,16556.0,35.05,13.667,35083.0,32818.0,38261.0,39472.0,25.662,34515.0,,16.975,31254.0,19.269,43188.0,68188.0
2026-05-04,,,,,,,,,,,,,18.81,,,,,
2026-05-05,,,,18833.0,35.725,14.75,36339.0,38294.0,42010.0,40415.0,26.2,35863.0,19.12,18.388,36936.0,20.056,45125.0,69754.0
2026-05-06,,,,20806.0,36.909,15.71,36027.0,40911.0,46914.0,42764.0,27.115,35734.0,20.0,19.25,39477.0,20.844,47375.0,73589.0
2026-05-07,,,,21044.0,36.805,15.715,37723.0,42583.0,47173.0,42655.0,27.12,37575.0,20.28,19.45,40335.0,21.138,49281.0,75306.0
2026-05-08,,,,20444.0,35.509,15.2,35912.0,40598.0,44736.0,40334.0,26.43,36472.0,20.33,19.225,41193.0,20.975,49063.0,74278.0
2026-05-11,,,,20556.0,35.614,15.215,36001.0,40572.0,45055.0,40423.0,26.552,36680.0,20.33,19.488,41765.0,21.131,49219.0,74444.0
2026-05-12,,,,21028.0,35.736,15.175,35569.0,39784.0,44955.0,40545.0,26.615,36200.0,20.28,20.006,43377.0,22.281,52925.0,77222.0
2026-05-13,,,,22333.0,37.127,15.89,37647.0,42862.0,48273.0,42560.0,27.335,37458.0,20.73,20.613,45913.0,22.881,54313.0,79667.0
2026-05-14,,,,22250.0,36.925,15.433,37010.0,40316.0,46840.0,42051.0,27.217,36918.0,21.0,20.581,46131.0,23.343,56938.0,79844.0
2026-05-15,,,,21712.0,36.8,15.01,37119.0,38459.0,44455.0,41540.0,27.145,37070.0,20.67,20.221,45354.0,23.163,55988.0,78878.0
2026-05-18,,,,20917.0,36.605,14.79,36099.0,36784.0,43060.0,40541.0,27.605,37678.0,20.58,19.831,43669.0,22.675,53719.0,76667.0
2026-05-19,,,,20528.0,36.45,14.94,34327.0,36283.0,43123.0,39852.0,27.506,36007.0,20.35,19.738,42541.0,22.394,52488.0,75139.0
2026-05-20,,,,20211.0,36.323,15.295,34472.0,38443.0,44459.0,39759.0,27.34,35949.0,20.6,19.606,42313.0,20.85,46875.0,73639.0
2026-05-21,,,,19689.0,36.15,15.265,34764.0,38839.0,44368.0,39656.0,27.202,36192.0,20.48,19.513,42248.0,20.631,45719.0,72611.0
2026-05-22,,,,19972.0,36.241,15.625,36053.0,41642.0,46564.0,40293.0,27.3,37518.0,20.55,19.513,43465.0,20.713,46469.0,72750.0
2026-05-25,,,,,,,,,,,,,20.6,,,,,
2026-05-26,,,,20589.0,36.923,16.29,38075.0,45630.0,49670.0,42164.0,27.598,38954.0,20.95,19.694,44081.0,21.388,48875.0,74200.0
2026-05-27,,,,20722.0,37.368,16.315,39549.0,46272.0,50068.0,43337.0,27.925,40391.0,,19.806,45263.0,21.7,50094.0,74833.0
2026-05-28,,,,21417.0,37.791,16.87,40624.0,49320.0,52518.0,44425.0,28.215,41387.0,21.18,20.356,48028.0,22.85,54938.0,77083.0
2026-05-29,,,,21528.0,37.723,16.41,41044.0,47445.0,51468.0,44414.0,28.215,41920.0,21.45,20.463,48964.0,23.106,56281.0,77306.0
2026-06-01,,,,21472.0,37.645,16.39,41008.0,47445.0,51482.0,44177.0,28.16,41889.0,,20.388,48962.0,23.156,56344.0,77200.0
2026-06-02,,,,21333.0,37.591,16.185,40703.0,46224.0,50764.0,43923.0,28.145,41658.0,21.35,20.306,48229.0,23.013,56500.0,76972.0
2026-06-03,,,,20950.0,36.85,15.27,39119.0,41436.0,46420.0,42203.0,27.706,40382.0,21.07,20.113,47437.0,23.038,57563.0,76722.0
2026-06-04,,,,20294.0,36.632,14.535,38054.0,37125.0,43054.0,41701.0,27.47,39148.0,20.42,19.95,46523.0,22.356,54813.0,75633.0
2026-06-05,44374.0,40871.0,4893.0,19878.0,36.5,13.92,38110.0,34250.0,40573.0,41274.0,27.305,39016.0,19.9,19.756,46171.0,21.888,53488.0,74778.0
2026-06-08,42798.0,39295.0,4719.0,19306.0,36.255,13.135,37665.0,30265.0,37255.0,40901.0,27.032,38332.0,19.47,19.45,45289.0,21.556,52656.0,73778.0
2026-06-09,40274.0,36771.0,4441.0,18350.0,35.65,12.18,36587.0,25479.0,32811.0,39971.0,26.65,37435.0,18.75,18.888,42970.0,20.881,50375.0,71583.0
2026-06-10,39007.0,35504.0,4301.0,17194.0,35.395,12.015,36676.0,25149.0,31415.0,39998.0,26.416,37386.0,17.98,18.356,41523.0,19.913,47094.0,70389.0
2026-06-11,37551.0,34048.0,4140.0,17250.0,35.977,10.935,38778.0,20442.0,26363.0,41393.0,26.62,38840.0,17.03,18.281,41639.0,19.688,45738.0,71667.0
2026-06-12,37251.0,33748.0,4107.0,16883.0,35.455,10.89,37627.0,20109.0,26004.0,40564.0,26.365,38051.0,16.65,18.119,41024.0,19.513,45250.0,72889.0
2026-06-15,36756.0,33253.0,4053.0,16028.0,34.509,10.76,37419.0,20884.0,26168.0,39694.0,24.55,34846.0,16.2,17.513,40149.0,18.975,44144.0,72389.0
2026-06-16,35471.0,31968.0,3911.0,15100.0,32.609,10.71,35007.0,21794.0,26550.0,36994.0,23.425,33162.0,15.87,16.769,38079.0,18.056,41763.0,70222.0
2026-06-17,35162.0,31659.0,3877.0,13883.0,31.75,10.73,33665.0,22205.0,27232.0,36186.0,23.095,32632.0,15.57,16.388,36727.0,17.856,41075.0,69500.0
2026-06-18,35731.0,32228.0,3940.0,13333.0,31.377,11.515,33481.0,26704.0,30745.0,35767.0,22.761,32281.0,15.58,16.075,36067.0,17.219,38500.0,68694.0
2026-06-19,37631.0,34128.0,4149.0,13483.0,31.718,12.44,34116.0,31406.0,35100.0,36327.0,22.928,32684.0,16.17,16.025,36069.0,17.275,39344.0,69417.0
2026-06-22,36947.0,33444.0,4074.0,13317.0,32.15,11.875,34377.0,27999.0,32959.0,36590.0,22.975,32238.0,16.28,16.131,36284.0,17.375,39206.0,69750.0
2026-06-23,36695.0,33192.0,4046.0,13183.0,32.361,11.66,33091.0,25423.0,32159.0,36809.0,22.945,30521.0,16.28,16.063,35806.0,17.613,39388.0,69450.0
2026-06-24,35825.0,32322.0,3950.0,12178.0,31.886,11.295,32706.0,24035.0,30682.0,35928.0,22.635,30234.0,16.08,15.438,33428.0,17.638,39388.0,69394.0
2026-06-25,34708.0,31205.0,3827.0,11244.0,30.091,10.715,28759.0,20722.0,27868.0,32668.0,21.3,26319.0,15.78,14.831,31148.0,18.425,42313.0,72278.0
2026-06-26,33014.0,29511.0,3640.0,10472.0,28.332,10.235,25715.0,18642.0,25891.0,29677.0,20.345,24210.0,15.48,14.275,29150.0,18.194,41469.0,72028.0
2026-06-29,32091.0,28588.0,3538.0,9811.0,28.082,10.16,25142.0,18189.0,25314.0,29200.0,20.2,23750.0,15.1,14.094,27760.0,17.588,38750.0,71139.0
2026-06-30,32181.0,28678.0,3548.0,9761.0,28.227,10.37,25508.0,19333.0,26032.0,29462.0,20.23,23906.0,15.07,14.069,27971.0,17.438,38156.0,70083.0
2026-07-01,33484.0,29981.0,3692.0,10167.0,28.782,10.82,26685.0,21706.0,28091.0,30710.0,20.62,25014.0,15.28,14.25,28381.0,17.738,39313.0,70456.0
2026-07-02,35563.0,32060.0,3921.0,10656.0,29.673,11.585,29002.0,26102.0,31713.0,32650.0,21.015,26593.0,15.83,14.406,29059.0,17.994,40288.0,71406.0
2026-07-03,37181.0,33678.0,4100.0,11133.0,30.114,12.245,30428.0,29962.0,34678.0,34105.0,21.388,28113.0,16.43,14.581,29978.0,18.144,40738.0,72117.0
2026-07-06,39078.0,35575.0,4309.0,11889.0,31.614,12.77,34029.0,33198.0,37291.0,36799.0,22.17,30792.0,17.0,14.975,31563.0,18.356,41456.0,72978.0
